database_name;schema_name;table_name;column_id;column_name;data_type;max_length;precision;scale;is_nullable;is_identity;default_definition
GEVE;dbo;ANACLI;1;Codice;nvarchar;510;0;0;1;0;NULL
GEVE;dbo;ANACLI;2;Denominazione;nvarchar;510;0;0;1;0;NULL
GEVE;dbo;ANACLI;3;Indirizzo;nvarchar;510;0;0;1;0;NULL
GEVE;dbo;ANACLI;4;Cap;nvarchar;510;0;0;1;0;NULL
GEVE;dbo;ANACLI;5;Comune;nvarchar;510;0;0;1;0;NULL
GEVE;dbo;ANACLI;6;Prov#;nvarchar;510;0;0;1;0;NULL
GEVE;dbo;ANACLI;7;Telefono;nvarchar;510;0;0;1;0;NULL
GEVE;dbo;ANACLI;8;Fax;nvarchar;510;0;0;1;0;NULL
GEVE;dbo;ANACLI;9;EMail;nvarchar;510;0;0;1;0;NULL
GEVE;dbo;ANACLI;10;Referente;nvarchar;510;0;0;1;0;NULL
GEVE;dbo;ANACLI;11;Pagamento;nvarchar;510;0;0;1;0;NULL
GEVE;dbo;ANACLI;12;Partita IVA;nvarchar;510;0;0;1;0;NULL
GEVE;dbo;ANACLI;13;Codice Fiscale;nvarchar;510;0;0;1;0;NULL
GEVE;dbo;ANACLI;14;Nazione;nvarchar;510;0;0;1;0;NULL
GEVE;dbo;ANACLI;15;PagCod;smallint;2;5;0;0;0;((0))
GEVE;dbo;ANACLI;16;XClCod;varchar;5;0;0;0;0;('')
GEVE;dbo;ANAPROD;1;CODICE;nvarchar;510;0;0;1;0;NULL
GEVE;dbo;ANAPROD;2;DESCRIZIONE;nvarchar;510;0;0;1;0;NULL
GEVE;dbo;ANAPROD;3;MINIDESC;nvarchar;510;0;0;1;0;NULL
GEVE;dbo;ANAPROD;4;CATEGORIA;nvarchar;510;0;0;1;0;NULL
GEVE;dbo;ANAPROD;5;PREZZO;float;8;53;0;1;0;NULL
GEVE;dbo;ANAPROD;6;UMA;nvarchar;510;0;0;1;0;NULL
GEVE;dbo;ANAPROD;7;CATCOD;varchar;2;0;0;1;0;NULL
GEVE;dbo;Back_TbArt;1;ArtId;int;4;10;0;0;1;NULL
GEVE;dbo;Back_TbArt;2;ArtCod;varchar;20;0;0;0;0;NULL
GEVE;dbo;Back_TbArt;3;ArtDesc;varchar;100;0;0;0;0;NULL
GEVE;dbo;Back_TbArt;4;ArtMinidesc;varchar;25;0;0;0;0;NULL
GEVE;dbo;Back_TbArt;5;ArtTipoProd;varchar;1;0;0;0;0;NULL
GEVE;dbo;Back_TbArt;6;ArtCat;varchar;2;0;0;0;0;NULL
GEVE;dbo;Back_TbArt;7;ArtTip;varchar;2;0;0;0;0;NULL
GEVE;dbo;Back_TbArt;8;ArtSiglaSconto;varchar;2;0;0;0;0;NULL
GEVE;dbo;Back_TbArt;9;ArtUmisura;varchar;2;0;0;0;0;NULL
GEVE;dbo;Back_TbArt;10;ArtPesoCnf;decimal;5;5;3;0;0;NULL
GEVE;dbo;Back_TbArt;11;ArtNumImballo;decimal;5;5;0;0;0;NULL
GEVE;dbo;Back_TbArt;12;ArtPeso;decimal;5;6;3;0;0;NULL
GEVE;dbo;Back_TbArt;13;ArtCodiva;smallint;2;5;0;0;0;NULL
GEVE;dbo;Back_TbArt;14;ArtCptcon;varchar;5;0;0;0;0;NULL
GEVE;dbo;Back_TbArt;15;ArtFlagAttivo;bit;1;1;0;0;0;NULL
GEVE;dbo;Back_TbArt;16;ArtScadenza;smallint;2;5;0;0;0;NULL
GEVE;dbo;Back_TbArt;17;ArtDescLis;varchar;60;0;0;0;0;NULL
GEVE;dbo;Back_TbArt;18;ArtNoteLis;varchar;25;0;0;0;0;NULL
GEVE;dbo;Back_TbArt;19;ArtDistinta;bit;1;1;0;0;0;NULL
GEVE;dbo;Back_TbArt;20;ArtUmVen;varchar;2;0;0;0;0;NULL
GEVE;dbo;Back_TbArt;21;ArtUmTec;varchar;2;0;0;0;0;NULL
GEVE;dbo;Back_TbArt;22;ArtDiBase;smallint;2;5;0;0;0;NULL
GEVE;dbo;Back_TbArt;23;ArtCiAcq;smallint;2;5;0;0;0;NULL
GEVE;dbo;Back_TbArt;24;ArtCptAcq;varchar;5;0;0;0;0;NULL
GEVE;dbo;Back_TbArt;25;ArtMultimb;bit;1;1;0;0;0;NULL
GEVE;dbo;Back_TbArt;26;ArtDesc2;varchar;40;0;0;0;0;NULL
GEVE;dbo;Back_TbArt;27;ArtDesc3;varchar;40;0;0;0;0;NULL
GEVE;dbo;Back_TbArt;28;ArtDesc4;varchar;40;0;0;0;0;NULL
GEVE;dbo;Back_TbArt;29;ArtDesc5;varchar;40;0;0;0;0;NULL
GEVE;dbo;Back_TbArt;30;ArtFamiglia;smallint;2;5;0;0;0;NULL
GEVE;dbo;Back_TbArt;31;ArtAcquistato;bit;1;1;0;0;0;NULL
GEVE;dbo;Back_TbArt;32;ArtRipieno;smallint;2;5;0;0;0;NULL
GEVE;dbo;Back_TbArt;33;ArtTipo62;tinyint;1;3;0;0;0;NULL
GEVE;dbo;Back_TbArt;34;ArtEAN13;varchar;13;0;0;0;0;NULL
GEVE;dbo;Back_TbArt;35;ArtAttivoStore;bit;1;1;0;0;0;NULL
GEVE;dbo;Back_TbArt;36;ArtProduzStore;bit;1;1;0;0;0;NULL
GEVE;dbo;Back_TbArt;37;ArtSfuso;bit;1;1;0;0;0;NULL
GEVE;dbo;Back_TbArt;38;ArtImballoStore;smallint;2;5;0;0;0;NULL
GEVE;dbo;Back_TbArt;39;ArtPesoCnfStore;decimal;5;5;3;0;0;NULL
GEVE;dbo;Back_TbArt;40;ArtProducer;varchar;1;0;0;0;0;NULL
GEVE;dbo;Back_TbArt;41;ArtTest;bit;1;1;0;0;0;NULL
GEVE;dbo;Back_TbArt;42;ArtCatP;varchar;1;0;0;0;0;NULL
GEVE;dbo;Back_TbArt;43;ArtSL;smallint;2;5;0;0;0;NULL
GEVE;dbo;Back_TbArt;44;ArtGruppo;smallint;2;5;0;0;0;NULL
GEVE;dbo;Back_TbArt;45;ArtPrzAcquisto;decimal;5;9;2;0;0;NULL
GEVE;dbo;Back_TbArt;46;ArtPrzVendita;decimal;5;9;2;0;0;NULL
GEVE;dbo;Back_TbArt;47;ArtSLC;smallint;2;5;0;0;0;NULL
GEVE;dbo;Back_TbArt;48;Art_CAMPIONATURA;bit;1;1;0;0;0;NULL
GEVE;dbo;Back_TbArt;49;ArtXDesc;varchar;40;0;0;0;0;NULL
GEVE;dbo;Back_TbArt;50;ArtXDesc2;varchar;40;0;0;0;0;NULL
GEVE;dbo;Back_TbArt;51;ArtXDesc3;varchar;40;0;0;0;0;NULL
GEVE;dbo;Back_TbArt;52;ArtXDesc4;varchar;40;0;0;0;0;NULL
GEVE;dbo;Back_TbArt;53;ArtXDesc5;varchar;40;0;0;0;0;NULL
GEVE;dbo;Back_TbArt;54;ArtXFlag;bit;1;1;0;0;0;NULL
GEVE;dbo;Back_TbArt;55;ArtFormato;int;4;10;0;0;0;NULL
GEVE;dbo;Back_TbArt;56;ArtDisp_Effettiva;tinyint;1;3;0;0;0;NULL
GEVE;dbo;Back_TbArt;57;ArtColore;int;4;10;0;0;0;NULL
GEVE;dbo;Back_TbArt;58;ArtDbTipo;varchar;1;0;0;0;0;NULL
GEVE;dbo;Back_TbArt;59;ArtImbKit;smallint;2;5;0;0;0;NULL
GEVE;dbo;Back_TbArt;60;ArtBarcode;varchar;50;0;0;0;0;NULL
GEVE;dbo;Back_TbArt;61;PesoGr;int;4;10;0;0;0;NULL
GEVE;dbo;Back_TbArt;62;ArtIngredienti;varbinary;-1;0;0;1;0;NULL
GEVE;dbo;back_Tbart_09102024;1;ArtId;int;4;10;0;0;1;NULL
GEVE;dbo;back_Tbart_09102024;2;ArtCod;varchar;20;0;0;0;0;NULL
GEVE;dbo;back_Tbart_09102024;3;ArtDesc;varchar;100;0;0;0;0;NULL
GEVE;dbo;back_Tbart_09102024;4;ArtMinidesc;varchar;25;0;0;0;0;NULL
GEVE;dbo;back_Tbart_09102024;5;ArtTipoProd;varchar;1;0;0;0;0;NULL
GEVE;dbo;back_Tbart_09102024;6;ArtCat;varchar;2;0;0;0;0;NULL
GEVE;dbo;back_Tbart_09102024;7;ArtTip;varchar;2;0;0;0;0;NULL
GEVE;dbo;back_Tbart_09102024;8;ArtSiglaSconto;varchar;2;0;0;0;0;NULL
GEVE;dbo;back_Tbart_09102024;9;ArtUmisura;varchar;2;0;0;0;0;NULL
GEVE;dbo;back_Tbart_09102024;10;ArtPesoCnf;decimal;5;5;3;0;0;NULL
GEVE;dbo;back_Tbart_09102024;11;ArtNumImballo;decimal;5;5;0;0;0;NULL
GEVE;dbo;back_Tbart_09102024;12;ArtPeso;decimal;5;6;3;0;0;NULL
GEVE;dbo;back_Tbart_09102024;13;ArtCodiva;smallint;2;5;0;0;0;NULL
GEVE;dbo;back_Tbart_09102024;14;ArtCptcon;varchar;5;0;0;0;0;NULL
GEVE;dbo;back_Tbart_09102024;15;ArtFlagAttivo;bit;1;1;0;0;0;NULL
GEVE;dbo;back_Tbart_09102024;16;ArtScadenza;smallint;2;5;0;0;0;NULL
GEVE;dbo;back_Tbart_09102024;17;ArtDescLis;varchar;60;0;0;0;0;NULL
GEVE;dbo;back_Tbart_09102024;18;ArtNoteLis;varchar;25;0;0;0;0;NULL
GEVE;dbo;back_Tbart_09102024;19;ArtDistinta;bit;1;1;0;0;0;NULL
GEVE;dbo;back_Tbart_09102024;20;ArtUmVen;varchar;2;0;0;0;0;NULL
GEVE;dbo;back_Tbart_09102024;21;ArtUmTec;varchar;2;0;0;0;0;NULL
GEVE;dbo;back_Tbart_09102024;22;ArtDiBase;smallint;2;5;0;0;0;NULL
GEVE;dbo;back_Tbart_09102024;23;ArtCiAcq;smallint;2;5;0;0;0;NULL
GEVE;dbo;back_Tbart_09102024;24;ArtCptAcq;varchar;5;0;0;0;0;NULL
GEVE;dbo;back_Tbart_09102024;25;ArtMultimb;bit;1;1;0;0;0;NULL
GEVE;dbo;back_Tbart_09102024;26;ArtDesc2;varchar;40;0;0;0;0;NULL
GEVE;dbo;back_Tbart_09102024;27;ArtDesc3;varchar;40;0;0;0;0;NULL
GEVE;dbo;back_Tbart_09102024;28;ArtDesc4;varchar;40;0;0;0;0;NULL
GEVE;dbo;back_Tbart_09102024;29;ArtDesc5;varchar;40;0;0;0;0;NULL
GEVE;dbo;back_Tbart_09102024;30;ArtFamiglia;smallint;2;5;0;0;0;NULL
GEVE;dbo;back_Tbart_09102024;31;ArtAcquistato;bit;1;1;0;0;0;NULL
GEVE;dbo;back_Tbart_09102024;32;ArtRipieno;smallint;2;5;0;0;0;NULL
GEVE;dbo;back_Tbart_09102024;33;ArtTipo62;tinyint;1;3;0;0;0;NULL
GEVE;dbo;back_Tbart_09102024;34;ArtEAN13;varchar;13;0;0;0;0;NULL
GEVE;dbo;back_Tbart_09102024;35;ArtAttivoStore;bit;1;1;0;0;0;NULL
GEVE;dbo;back_Tbart_09102024;36;ArtProduzStore;bit;1;1;0;0;0;NULL
GEVE;dbo;back_Tbart_09102024;37;ArtSfuso;bit;1;1;0;0;0;NULL
GEVE;dbo;back_Tbart_09102024;38;ArtImballoStore;smallint;2;5;0;0;0;NULL
GEVE;dbo;back_Tbart_09102024;39;ArtPesoCnfStore;decimal;5;5;3;0;0;NULL
GEVE;dbo;back_Tbart_09102024;40;ArtProducer;varchar;1;0;0;0;0;NULL
GEVE;dbo;back_Tbart_09102024;41;ArtTest;bit;1;1;0;0;0;NULL
GEVE;dbo;back_Tbart_09102024;42;ArtCatP;varchar;1;0;0;0;0;NULL
GEVE;dbo;back_Tbart_09102024;43;ArtSL;smallint;2;5;0;0;0;NULL
GEVE;dbo;back_Tbart_09102024;44;ArtGruppo;smallint;2;5;0;0;0;NULL
GEVE;dbo;back_Tbart_09102024;45;ArtPrzAcquisto;decimal;5;9;2;0;0;NULL
GEVE;dbo;back_Tbart_09102024;46;ArtPrzVendita;decimal;5;9;2;0;0;NULL
GEVE;dbo;back_Tbart_09102024;47;ArtSLC;smallint;2;5;0;0;0;NULL
GEVE;dbo;back_Tbart_09102024;48;Art_CAMPIONATURA;bit;1;1;0;0;0;NULL
GEVE;dbo;back_Tbart_09102024;49;ArtXDesc;varchar;40;0;0;0;0;NULL
GEVE;dbo;back_Tbart_09102024;50;ArtXDesc2;varchar;40;0;0;0;0;NULL
GEVE;dbo;back_Tbart_09102024;51;ArtXDesc3;varchar;40;0;0;0;0;NULL
GEVE;dbo;back_Tbart_09102024;52;ArtXDesc4;varchar;40;0;0;0;0;NULL
GEVE;dbo;back_Tbart_09102024;53;ArtXDesc5;varchar;40;0;0;0;0;NULL
GEVE;dbo;back_Tbart_09102024;54;ArtXFlag;bit;1;1;0;0;0;NULL
GEVE;dbo;back_Tbart_09102024;55;ArtFormato;int;4;10;0;0;0;NULL
GEVE;dbo;back_Tbart_09102024;56;ArtDisp_Effettiva;tinyint;1;3;0;0;0;NULL
GEVE;dbo;back_Tbart_09102024;57;ArtColore;int;4;10;0;0;0;NULL
GEVE;dbo;back_Tbart_09102024;58;ArtDbTipo;varchar;1;0;0;0;0;NULL
GEVE;dbo;back_Tbart_09102024;59;ArtImbKit;smallint;2;5;0;0;0;NULL
GEVE;dbo;back_Tbart_09102024;60;ArtBarcode;varchar;50;0;0;0;0;NULL
GEVE;dbo;back_Tbart_09102024;61;PesoGr;int;4;10;0;0;0;NULL
GEVE;dbo;back_Tbart_09102024;62;ArtIngredienti;varbinary;-1;0;0;1;0;NULL
GEVE;dbo;back_Tbart_09102024;63;ArtBilancia;bit;1;1;0;0;0;NULL
GEVE;dbo;back_Tbart_09102024;64;ArtCodBil;int;4;10;0;0;0;NULL
GEVE;dbo;back_Tbart_09102024;65;ArtBarcodeForn;varchar;50;0;0;0;0;NULL
GEVE;dbo;back_TbArt_141024;1;ArtId;int;4;10;0;0;1;NULL
GEVE;dbo;back_TbArt_141024;2;ArtCod;varchar;20;0;0;0;0;NULL
GEVE;dbo;back_TbArt_141024;3;ArtDesc;varchar;100;0;0;0;0;NULL
GEVE;dbo;back_TbArt_141024;4;ArtMinidesc;varchar;25;0;0;0;0;NULL
GEVE;dbo;back_TbArt_141024;5;ArtTipoProd;varchar;1;0;0;0;0;NULL
GEVE;dbo;back_TbArt_141024;6;ArtCat;varchar;2;0;0;0;0;NULL
GEVE;dbo;back_TbArt_141024;7;ArtTip;varchar;2;0;0;0;0;NULL
GEVE;dbo;back_TbArt_141024;8;ArtSiglaSconto;varchar;2;0;0;0;0;NULL
GEVE;dbo;back_TbArt_141024;9;ArtUmisura;varchar;2;0;0;0;0;NULL
GEVE;dbo;back_TbArt_141024;10;ArtPesoCnf;decimal;5;5;3;0;0;NULL
GEVE;dbo;back_TbArt_141024;11;ArtNumImballo;decimal;5;5;0;0;0;NULL
GEVE;dbo;back_TbArt_141024;12;ArtPeso;decimal;5;6;3;0;0;NULL
GEVE;dbo;back_TbArt_141024;13;ArtCodiva;smallint;2;5;0;0;0;NULL
GEVE;dbo;back_TbArt_141024;14;ArtCptcon;varchar;5;0;0;0;0;NULL
GEVE;dbo;back_TbArt_141024;15;ArtFlagAttivo;bit;1;1;0;0;0;NULL
GEVE;dbo;back_TbArt_141024;16;ArtScadenza;smallint;2;5;0;0;0;NULL
GEVE;dbo;back_TbArt_141024;17;ArtDescLis;varchar;60;0;0;0;0;NULL
GEVE;dbo;back_TbArt_141024;18;ArtNoteLis;varchar;25;0;0;0;0;NULL
GEVE;dbo;back_TbArt_141024;19;ArtDistinta;bit;1;1;0;0;0;NULL
GEVE;dbo;back_TbArt_141024;20;ArtUmVen;varchar;2;0;0;0;0;NULL
GEVE;dbo;back_TbArt_141024;21;ArtUmTec;varchar;2;0;0;0;0;NULL
GEVE;dbo;back_TbArt_141024;22;ArtDiBase;smallint;2;5;0;0;0;NULL
GEVE;dbo;back_TbArt_141024;23;ArtCiAcq;smallint;2;5;0;0;0;NULL
GEVE;dbo;back_TbArt_141024;24;ArtCptAcq;varchar;5;0;0;0;0;NULL
GEVE;dbo;back_TbArt_141024;25;ArtMultimb;bit;1;1;0;0;0;NULL
GEVE;dbo;back_TbArt_141024;26;ArtDesc2;varchar;40;0;0;0;0;NULL
GEVE;dbo;back_TbArt_141024;27;ArtDesc3;varchar;40;0;0;0;0;NULL
GEVE;dbo;back_TbArt_141024;28;ArtDesc4;varchar;40;0;0;0;0;NULL
GEVE;dbo;back_TbArt_141024;29;ArtDesc5;varchar;40;0;0;0;0;NULL
GEVE;dbo;back_TbArt_141024;30;ArtFamiglia;smallint;2;5;0;0;0;NULL
GEVE;dbo;back_TbArt_141024;31;ArtAcquistato;bit;1;1;0;0;0;NULL
GEVE;dbo;back_TbArt_141024;32;ArtRipieno;smallint;2;5;0;0;0;NULL
GEVE;dbo;back_TbArt_141024;33;ArtTipo62;tinyint;1;3;0;0;0;NULL
GEVE;dbo;back_TbArt_141024;34;ArtEAN13;varchar;13;0;0;0;0;NULL
GEVE;dbo;back_TbArt_141024;35;ArtAttivoStore;bit;1;1;0;0;0;NULL
GEVE;dbo;back_TbArt_141024;36;ArtProduzStore;bit;1;1;0;0;0;NULL
GEVE;dbo;back_TbArt_141024;37;ArtSfuso;bit;1;1;0;0;0;NULL
GEVE;dbo;back_TbArt_141024;38;ArtImballoStore;smallint;2;5;0;0;0;NULL
GEVE;dbo;back_TbArt_141024;39;ArtPesoCnfStore;decimal;5;5;3;0;0;NULL
GEVE;dbo;back_TbArt_141024;40;ArtProducer;varchar;1;0;0;0;0;NULL
GEVE;dbo;back_TbArt_141024;41;ArtTest;bit;1;1;0;0;0;NULL
GEVE;dbo;back_TbArt_141024;42;ArtCatP;varchar;1;0;0;0;0;NULL
GEVE;dbo;back_TbArt_141024;43;ArtSL;smallint;2;5;0;0;0;NULL
GEVE;dbo;back_TbArt_141024;44;ArtGruppo;smallint;2;5;0;0;0;NULL
GEVE;dbo;back_TbArt_141024;45;ArtPrzAcquisto;decimal;5;9;2;0;0;NULL
GEVE;dbo;back_TbArt_141024;46;ArtPrzVendita;decimal;5;9;2;0;0;NULL
GEVE;dbo;back_TbArt_141024;47;ArtSLC;smallint;2;5;0;0;0;NULL
GEVE;dbo;back_TbArt_141024;48;Art_CAMPIONATURA;bit;1;1;0;0;0;NULL
GEVE;dbo;back_TbArt_141024;49;ArtXDesc;varchar;40;0;0;0;0;NULL
GEVE;dbo;back_TbArt_141024;50;ArtXDesc2;varchar;40;0;0;0;0;NULL
GEVE;dbo;back_TbArt_141024;51;ArtXDesc3;varchar;40;0;0;0;0;NULL
GEVE;dbo;back_TbArt_141024;52;ArtXDesc4;varchar;40;0;0;0;0;NULL
GEVE;dbo;back_TbArt_141024;53;ArtXDesc5;varchar;40;0;0;0;0;NULL
GEVE;dbo;back_TbArt_141024;54;ArtXFlag;bit;1;1;0;0;0;NULL
GEVE;dbo;back_TbArt_141024;55;ArtFormato;int;4;10;0;0;0;NULL
GEVE;dbo;back_TbArt_141024;56;ArtDisp_Effettiva;tinyint;1;3;0;0;0;NULL
GEVE;dbo;back_TbArt_141024;57;ArtColore;int;4;10;0;0;0;NULL
GEVE;dbo;back_TbArt_141024;58;ArtDbTipo;varchar;1;0;0;0;0;NULL
GEVE;dbo;back_TbArt_141024;59;ArtImbKit;smallint;2;5;0;0;0;NULL
GEVE;dbo;back_TbArt_141024;60;ArtBarcode;varchar;50;0;0;0;0;NULL
GEVE;dbo;back_TbArt_141024;61;PesoGr;int;4;10;0;0;0;NULL
GEVE;dbo;back_TbArt_141024;62;ArtIngredienti;varbinary;-1;0;0;1;0;NULL
GEVE;dbo;back_TbArt_141024;63;ArtBilancia;bit;1;1;0;0;0;NULL
GEVE;dbo;back_TbArt_141024;64;ArtCodBil;int;4;10;0;0;0;NULL
GEVE;dbo;back_TbArt_141024;65;ArtBarcodeForn;varchar;50;0;0;0;0;NULL
GEVE;dbo;Back_TbLis;1;LisId;int;4;10;0;0;0;NULL
GEVE;dbo;Back_TbLis;2;LisValiditaDal;smalldatetime;4;16;0;0;0;NULL
GEVE;dbo;Back_TbLis;3;LisVendita;decimal;9;10;3;0;0;NULL
GEVE;dbo;back_TbLis_09102024;1;LisId;int;4;10;0;0;0;NULL
GEVE;dbo;back_TbLis_09102024;2;LisValiditaDal;smalldatetime;4;16;0;0;0;NULL
GEVE;dbo;back_TbLis_09102024;3;LisVendita;decimal;9;10;3;0;0;NULL
GEVE;dbo;back_TbSlCli_142024;1;SlCli;varchar;5;0;0;0;0;NULL
GEVE;dbo;back_TbSlCli_142024;2;SlArtCod;varchar;20;0;0;0;0;NULL
GEVE;dbo;back_TbSlCli_142024;3;SlCliPrezzo;decimal;5;9;3;0;0;NULL
GEVE;dbo;back_TbSlCli_142024;4;SlNo;bit;1;1;0;0;0;NULL
GEVE;dbo;CATEGORIE;1;COD;varchar;2;0;0;1;0;NULL
GEVE;dbo;CATEGORIE;2;CATEGORIA;nvarchar;510;0;0;1;0;NULL
GEVE;dbo;CIMBALLO;1;CODICE;nvarchar;510;0;0;1;0;NULL
GEVE;dbo;CIMBALLO;2;DESCRIZIONE;nvarchar;510;0;0;1;0;NULL
GEVE;dbo;CIMBALLO;3;PREZZO;float;8;53;0;1;0;NULL
GEVE;dbo;CIMBALLO;4;PREZZIVA;float;8;53;0;1;0;NULL
GEVE;dbo;CIMBALLO;5;QTA;nvarchar;510;0;0;1;0;NULL
GEVE;dbo;COND_PAGAM;1;PAGAMENTO;nvarchar;510;0;0;1;0;NULL
GEVE;dbo;COND_PAGAM;2;CODICE;smallint;2;5;0;0;0;((0))
GEVE;dbo;DOPPI;1;NEW_CODICE;varchar;20;0;0;0;0;NULL
GEVE;dbo;ESTERE;1;Xnazione;nvarchar;510;0;0;1;0;NULL
GEVE;dbo;ESTERE;2;sigla;varchar;2;0;0;0;0;('')
GEVE;dbo;MODIFICA_CODICE;1;ArtId;int;4;10;0;0;0;NULL
GEVE;dbo;MODIFICA_CODICE;2;OLD_CODICE;varchar;20;0;0;0;0;NULL
GEVE;dbo;MODIFICA_CODICE;3;NEW_CODICE;varchar;20;0;0;0;0;NULL
GEVE;dbo;MODIFICA_CODICE;4;DESCRIZIONE;varchar;100;0;0;0;0;NULL
GEVE;dbo;MODIFICA_CODICE;5;CATEGORIA;varchar;30;0;0;0;0;NULL
GEVE;dbo;Panettoni;1;CodiceProdotto;nvarchar;20;0;0;0;0;NULL
GEVE;dbo;Panettoni;2;EAN;nvarchar;40;0;0;1;0;NULL
GEVE;dbo;Panettoni;3;NomeProdotto;nvarchar;510;0;0;1;0;NULL
GEVE;dbo;Panettoni;4;DescrizioneCompleta;nvarchar;-1;0;0;1;0;NULL
GEVE;dbo;Panettoni;5;Dibase;varchar;20;0;0;1;0;NULL
GEVE;dbo;Panettoni;6;DiBaseID;int;4;10;0;0;0;NULL
GEVE;dbo;Pasticceria;1;CodiceProdotto;nvarchar;20;0;0;0;0;NULL
GEVE;dbo;Pasticceria;2;EAN;nvarchar;40;0;0;1;0;NULL
GEVE;dbo;Pasticceria;3;NomeProdotto;nvarchar;510;0;0;1;0;NULL
GEVE;dbo;Pasticceria;4;DescrizioneCompleta;nvarchar;-1;0;0;1;0;NULL
GEVE;dbo;Pasticceria;5;DiBase;varchar;20;0;0;1;0;NULL
GEVE;dbo;Pasticceria;6;DiBaseId;int;4;10;0;1;0;NULL
GEVE;dbo;PIMBALLO;1;CODICE;nvarchar;510;0;0;1;0;NULL
GEVE;dbo;PIMBALLO;2;DESCRIZIONE;nvarchar;510;0;0;1;0;NULL
GEVE;dbo;PIMBALLO;3;PREZZO;float;8;53;0;1;0;NULL
GEVE;dbo;PIMBALLO;4;PREZZIVA;float;8;53;0;1;0;NULL
GEVE;dbo;PIMBALLO;5;QTA;nvarchar;510;0;0;1;0;NULL
GEVE;dbo;pulizia;1;iArtCod;varchar;20;0;0;0;0;NULL
GEVE;dbo;pulizia;2;iArtDesc;varchar;100;0;0;0;0;NULL
GEVE;dbo;pulizia;3;DaEliminare;bit;1;1;0;1;0;NULL
GEVE;dbo;Semaforo;1;SemID;int;4;10;0;0;1;NULL
GEVE;dbo;Semaforo;2;SemProc;varchar;50;0;0;1;0;NULL
GEVE;dbo;TbAPrezzo;1;APId;int;4;10;0;0;1;NULL
GEVE;dbo;TbAPrezzo;2;APCodice;varchar;20;0;0;0;0;NULL
GEVE;dbo;TbArt;1;ArtId;int;4;10;0;0;1;NULL
GEVE;dbo;TbArt;2;ArtCod;varchar;20;0;0;0;0;NULL
GEVE;dbo;TbArt;3;ArtDesc;varchar;200;0;0;0;0;('')
GEVE;dbo;TbArt;4;ArtMinidesc;varchar;25;0;0;0;0;('')
GEVE;dbo;TbArt;5;ArtTipoProd;varchar;1;0;0;0;0;('')
GEVE;dbo;TbArt;6;ArtCat;varchar;2;0;0;0;0;('')
GEVE;dbo;TbArt;7;ArtTip;varchar;2;0;0;0;0;('')
GEVE;dbo;TbArt;8;ArtSiglaSconto;varchar;2;0;0;0;0;('')
GEVE;dbo;TbArt;9;ArtUmisura;varchar;2;0;0;0;0;('')
GEVE;dbo;TbArt;10;ArtPesoCnf;decimal;5;5;3;0;0;((0))
GEVE;dbo;TbArt;11;ArtNumImballo;decimal;5;5;0;0;0;((0))
GEVE;dbo;TbArt;12;ArtPeso;decimal;5;6;3;0;0;((0))
GEVE;dbo;TbArt;13;ArtCodiva;smallint;2;5;0;0;0;((0))
GEVE;dbo;TbArt;14;ArtCptcon;varchar;5;0;0;0;0;('')
GEVE;dbo;TbArt;15;ArtFlagAttivo;bit;1;1;0;0;0;((1))
GEVE;dbo;TbArt;16;ArtScadenza;smallint;2;5;0;0;0;((0))
GEVE;dbo;TbArt;17;ArtDescLis;varchar;60;0;0;0;0;('')
GEVE;dbo;TbArt;18;ArtNoteLis;varchar;25;0;0;0;0;('')
GEVE;dbo;TbArt;19;ArtDistinta;bit;1;1;0;0;0;((0))
GEVE;dbo;TbArt;20;ArtUmVen;varchar;2;0;0;0;0;('')
GEVE;dbo;TbArt;21;ArtUmTec;varchar;2;0;0;0;0;((0))
GEVE;dbo;TbArt;22;ArtDiBase;smallint;2;5;0;0;0;('')
GEVE;dbo;TbArt;23;ArtCiAcq;smallint;2;5;0;0;0;((0))
GEVE;dbo;TbArt;24;ArtCptAcq;varchar;5;0;0;0;0;('')
GEVE;dbo;TbArt;25;ArtMultimb;bit;1;1;0;0;0;((0))
GEVE;dbo;TbArt;26;ArtDesc2;varchar;40;0;0;0;0;('')
GEVE;dbo;TbArt;27;ArtDesc3;varchar;40;0;0;0;0;('')
GEVE;dbo;TbArt;28;ArtDesc4;varchar;40;0;0;0;0;('')
GEVE;dbo;TbArt;29;ArtDesc5;varchar;40;0;0;0;0;('')
GEVE;dbo;TbArt;30;ArtFamiglia;smallint;2;5;0;0;0;((0))
GEVE;dbo;TbArt;31;ArtAcquistato;bit;1;1;0;0;0;((0))
GEVE;dbo;TbArt;32;ArtRipieno;smallint;2;5;0;0;0;((0))
GEVE;dbo;TbArt;33;ArtTipo62;tinyint;1;3;0;0;0;((0))
GEVE;dbo;TbArt;34;ArtEAN13;varchar;13;0;0;0;0;('')
GEVE;dbo;TbArt;35;ArtAttivoStore;bit;1;1;0;0;0;((0))
GEVE;dbo;TbArt;36;ArtProduzStore;bit;1;1;0;0;0;((0))
GEVE;dbo;TbArt;37;ArtSfuso;bit;1;1;0;0;0;((0))
GEVE;dbo;TbArt;38;ArtImballoStore;smallint;2;5;0;0;0;((0))
GEVE;dbo;TbArt;39;ArtPesoCnfStore;decimal;5;5;3;0;0;((0))
GEVE;dbo;TbArt;40;ArtProducer;varchar;1;0;0;0;0;('')
GEVE;dbo;TbArt;41;ArtTest;bit;1;1;0;0;0;((0))
GEVE;dbo;TbArt;42;ArtCatP;varchar;1;0;0;0;0;('')
GEVE;dbo;TbArt;43;ArtSL;smallint;2;5;0;0;0;((0))
GEVE;dbo;TbArt;44;ArtGruppo;smallint;2;5;0;0;0;((0))
GEVE;dbo;TbArt;45;ArtPrzAcquisto;decimal;5;9;2;0;0;((0))
GEVE;dbo;TbArt;46;ArtPrzVendita;decimal;5;9;2;0;0;((0))
GEVE;dbo;TbArt;47;ArtSLC;smallint;2;5;0;0;0;((0))
GEVE;dbo;TbArt;48;Art_CAMPIONATURA;bit;1;1;0;0;0;((0))
GEVE;dbo;TbArt;49;ArtXDesc;varchar;40;0;0;0;0;('')
GEVE;dbo;TbArt;50;ArtXDesc2;varchar;40;0;0;0;0;('')
GEVE;dbo;TbArt;51;ArtXDesc3;varchar;40;0;0;0;0;('')
GEVE;dbo;TbArt;52;ArtXDesc4;varchar;40;0;0;0;0;('')
GEVE;dbo;TbArt;53;ArtXDesc5;varchar;40;0;0;0;0;('')
GEVE;dbo;TbArt;54;ArtXFlag;bit;1;1;0;0;0;((0))
GEVE;dbo;TbArt;55;ArtFormato;int;4;10;0;0;0;((0))
GEVE;dbo;TbArt;56;ArtDisp_Effettiva;tinyint;1;3;0;0;0;((0))
GEVE;dbo;TbArt;57;ArtColore;int;4;10;0;0;0;((0))
GEVE;dbo;TbArt;58;ArtDbTipo;varchar;1;0;0;0;0;('')
GEVE;dbo;TbArt;59;ArtImbKit;smallint;2;5;0;0;0;((1))
GEVE;dbo;TbArt;60;ArtBarcode;varchar;50;0;0;0;0;('')
GEVE;dbo;TbArt;61;PesoGr;int;4;10;0;0;0;((0))
GEVE;dbo;TbArt;62;ArtIngredienti;varbinary;-1;0;0;1;0;NULL
GEVE;dbo;TbArt;63;ArtBilancia;bit;1;1;0;0;0;((0))
GEVE;dbo;TbArt;64;ArtCodBil;int;4;10;0;0;0;((0))
GEVE;dbo;TbArt;65;ArtBarcodeForn;varchar;50;0;0;0;0;('')
GEVE;dbo;TbArt;66;ArtEtixFoglio;smallint;2;5;0;0;0;((0))
GEVE;dbo;TbArt;67;ArtUltLotto;varchar;20;0;0;0;0;('')
GEVE;dbo;TbArt;68;ArtUltScadenza;smalldatetime;4;16;0;1;0;NULL
GEVE;dbo;TbArt;69;ArtUlt_modifica;smalldatetime;4;16;0;1;0;NULL
GEVE;dbo;TbArt;70;ArtUtente;varchar;20;0;0;1;0;NULL
GEVE;dbo;TbArt;71;ArtAUlt_modifica;smalldatetime;4;16;0;1;0;NULL
GEVE;dbo;TbArt;72;ArtAUtente;varchar;20;0;0;1;0;NULL
GEVE;dbo;TbArtDG;1;ADGArtCod;varchar;20;0;0;0;0;NULL
GEVE;dbo;TbArtDG;2;ADGDogana;varchar;16;0;0;0;0;NULL
GEVE;dbo;TbArtPF;1;PFArtCod;int;4;10;0;0;0;NULL
GEVE;dbo;TbArtPF;2;PFArtCodPad;int;4;10;0;0;0;NULL
GEVE;dbo;TbAspBeni;1;AspBeniCod;int;4;10;0;0;1;NULL
GEVE;dbo;TbAspBeni;2;AspBeniDes;varchar;50;0;0;0;0;NULL
GEVE;dbo;TbAtt;1;AttCod;smallint;2;5;0;0;0;NULL
GEVE;dbo;TbAtt;2;AttDesc;varchar;25;0;0;0;0;NULL
GEVE;dbo;TbAtt;3;AttAnaCli;bit;1;1;0;0;0;((1))
GEVE;dbo;TbAziPA;1;APRegFiscale;varchar;4;0;0;0;0;NULL
GEVE;dbo;TbAziPA;2;APReaProv;varchar;2;0;0;0;0;('')
GEVE;dbo;TbAziPA;3;APReaNum;varchar;20;0;0;0;0;('')
GEVE;dbo;TbAziPA;4;APReaCapSoc;varchar;20;0;0;0;0;('')
GEVE;dbo;TbAziPA;5;APReaSocioUnico;tinyint;1;3;0;0;0;((0))
GEVE;dbo;TbAziPA;6;APReaLiquidazione;bit;1;1;0;0;0;((0))
GEVE;dbo;TbAziPA;7;APUltimoINVIO;bigint;8;19;0;0;0;((0))
GEVE;dbo;TbAziPA;8;APCartellaINVIO;varchar;50;0;0;0;0;('')
GEVE;dbo;TbAziPA;9;APCodFiscTrasm;varchar;16;0;0;0;0;('')
GEVE;dbo;TbAziPA;10;APCodFisc3Int;varchar;16;0;0;0;0;('')
GEVE;dbo;TbAziPA;11;APRagSoc3Int;varchar;60;0;0;0;0;('')
GEVE;dbo;TbAziPA;12;APAttiva;bit;1;1;0;0;0;((0))
GEVE;dbo;TbAziPA;13;APNome3Int;varchar;50;0;0;1;0;NULL
GEVE;dbo;TbAziPA;14;APCognome3Int;varchar;50;0;0;1;0;NULL
GEVE;dbo;TbAziPA;15;APAllegoPDF;bit;1;1;0;0;0;((0))
GEVE;dbo;TbAziPA;16;APUser;varchar;30;0;0;0;0;('')
GEVE;dbo;TbAziPA;17;APPassword;varchar;30;0;0;0;0;('Password01!')
GEVE;dbo;TbAziPA;18;APPostazione;varchar;30;0;0;0;0;('')
GEVE;dbo;TbAziPA;19;APIstituto;varchar;30;0;0;0;0;('')
GEVE;dbo;TbAziPA;20;APCodiceAzienda;varchar;30;0;0;0;0;('')
GEVE;dbo;TbAziPA;21;APPortaleTest;bit;1;1;0;0;0;((0))
GEVE;dbo;TbAziPA;22;APGGIndietro;smallint;2;5;0;0;0;((5))
GEVE;dbo;TbAziPA;23;APRegEsterne;smallint;2;5;0;0;0;((0))
GEVE;dbo;TbAziPA;24;APBluenext;bit;1;1;0;0;0;((0))
GEVE;dbo;TbAziPA;25;APBnUser;varchar;30;0;0;0;0;('')
GEVE;dbo;TbAziPA;26;APBnPassword;varchar;30;0;0;0;0;('')
GEVE;dbo;TBBLOCK;1;IDBLOCCO;int;4;10;0;0;0;NULL
GEVE;dbo;TBBLOCK;2;IDRIFERIM;int;4;10;0;0;0;NULL
GEVE;dbo;TBBLOCK;3;IDNUMREG;smallint;2;5;0;0;0;NULL
GEVE;dbo;TbBol;1;BolRif;int;4;10;0;0;1;NULL
GEVE;dbo;TbBol;2;BolTipoDoc;varchar;1;0;0;0;0;NULL
GEVE;dbo;TbBol;3;BolData;smalldatetime;4;16;0;0;0;NULL
GEVE;dbo;TbBol;4;BolNum;int;4;10;0;0;0;NULL
GEVE;dbo;TbBol;5;BolAge;smallint;2;5;0;0;0;NULL
GEVE;dbo;TbBol;6;BolRifFat;int;4;10;0;0;0;NULL
GEVE;dbo;TbBol;7;BolPrefAgg;int;4;10;0;0;0;((0))
GEVE;dbo;TbBol;8;BolCliCons;varchar;5;0;0;0;0;NULL
GEVE;dbo;TbBol;9;BolPagCod;smallint;2;5;0;0;0;NULL
GEVE;dbo;TbBol;10;BolNrag;int;4;10;0;0;0;NULL
GEVE;dbo;TbBol;11;BolAbi;int;4;10;0;0;0;NULL
GEVE;dbo;TbBol;12;BolCab;int;4;10;0;0;0;NULL
GEVE;dbo;TbBol;13;BolEsespe;smallint;2;5;0;0;0;NULL
GEVE;dbo;TbBol;14;BolNimp;smallint;2;5;0;0;0;NULL
GEVE;dbo;TbBol;15;BolCau;smallint;2;5;0;0;0;NULL
GEVE;dbo;TbBol;16;BolSculter;decimal;5;4;2;0;0;NULL
GEVE;dbo;TbBol;17;BolPorto;varchar;10;0;0;0;0;('')
GEVE;dbo;TbBol;18;BolVett1;smallint;2;5;0;0;0;((0))
GEVE;dbo;TbBol;19;BolVett2;smallint;2;5;0;0;0;((0))
GEVE;dbo;TbBol;20;BolCliFat;varchar;5;0;0;0;0;NULL
GEVE;dbo;TbBol;21;BolNumReg;smallint;2;5;0;0;0;NULL
GEVE;dbo;TbBol;22;BolNumFat;int;4;10;0;1;0;NULL
GEVE;dbo;TbBol;23;BolFattData;smalldatetime;4;16;0;1;0;NULL
GEVE;dbo;TbBol;24;BolTrasf;bit;1;1;0;1;0;NULL
GEVE;dbo;TbBol;25;BolNColli;smallint;2;5;0;0;0;((0))
GEVE;dbo;TbBol;26;BolCF;varchar;1;0;0;0;0;NULL
GEVE;dbo;TbBol;27;BolNVolumi;smallint;2;5;0;0;0;((0))
GEVE;dbo;TbBol;28;BolDMV;varchar;12;0;0;0;0;('')
GEVE;dbo;TbBol;29;BolAspBeni;varchar;50;0;0;0;0;('')
GEVE;dbo;TbBol;30;BolVarDest;varchar;100;0;0;0;0;('')
GEVE;dbo;TbBol;31;BolAnnota;varchar;100;0;0;0;0;('')
GEVE;dbo;TbBol;32;BolNDep;smallint;2;5;0;0;0;((0))
GEVE;dbo;TbBol;33;BolDataTrasp;smalldatetime;4;16;0;1;0;NULL
GEVE;dbo;TbBol;34;BolDataRitiro1;smalldatetime;4;16;0;1;0;NULL
GEVE;dbo;TbBol;35;BolDataRitiro2;smalldatetime;4;16;0;1;0;NULL
GEVE;dbo;TbBol;36;BolTotale;decimal;9;11;2;0;0;((0))
GEVE;dbo;TbBol;37;BolNote;varchar;50;0;0;0;0;('')
GEVE;dbo;TbBol;38;BolTipoFte;varchar;4;0;0;0;0;('')
GEVE;dbo;TbBol;39;BolPvv;varchar;5;0;0;0;0;('')
GEVE;dbo;TbBol;40;BolPesoNetto;decimal;5;9;3;0;0;((0))
GEVE;dbo;TbBol;41;BolPesoLordo;decimal;5;9;3;0;0;((0))
GEVE;dbo;TbBol;42;BolListino;smallint;2;5;0;0;0;((0))
GEVE;dbo;TbButtom;1;MgiD;smallint;2;5;0;0;0;NULL
GEVE;dbo;TbButtom;2;MgDesc;varchar;30;0;0;0;0;NULL
GEVE;dbo;TbButtom;3;MgPos;smallint;2;5;0;0;0;NULL
GEVE;dbo;TbButtom;4;MgFormatQ;varchar;20;0;0;0;0;NULL
GEVE;dbo;TbButtom;5;MgFormatV;varchar;20;0;0;0;0;NULL
GEVE;dbo;TbButtom;6;MgFormula;varchar;20;0;0;0;0;NULL
GEVE;dbo;TbButtom;7;MgCheckQ;bit;1;1;0;0;0;NULL
GEVE;dbo;TbButtom;8;MgCheckV;bit;1;1;0;0;0;NULL
GEVE;dbo;TbCalendarioIso;1;ISOAAAASS;varchar;6;0;0;0;0;NULL
GEVE;dbo;TbCalendarioIso;2;ISOANNO;int;4;10;0;0;0;NULL
GEVE;dbo;TbCalendarioIso;3;ISOSETT;int;4;10;0;0;0;NULL
GEVE;dbo;TbCalendarioIso;4;ISOINIZIO;smalldatetime;4;16;0;1;0;NULL
GEVE;dbo;TbCalendarioIso;5;ISOFINE;smalldatetime;4;16;0;1;0;NULL
GEVE;dbo;TbCalendarioIso;6;MONANNO;int;4;10;0;0;0;((0))
GEVE;dbo;TbCalendarioIso;7;MONSETT;int;4;10;0;0;0;((0))
GEVE;dbo;TbCalendarioIso;8;MONINIZIO;smalldatetime;4;16;0;1;0;NULL
GEVE;dbo;TbCalendarioIso;9;MONFINE;smalldatetime;4;16;0;1;0;NULL
GEVE;dbo;TbCat;1;CatCod;varchar;2;0;0;0;0;NULL
GEVE;dbo;TbCat;2;CatDesc;varchar;30;0;0;0;0;('')
GEVE;dbo;TbCat;3;CatStat;bit;1;1;0;0;0;((0))
GEVE;dbo;TbCCau;1;MgCauCid;smallint;2;5;0;0;0;NULL
GEVE;dbo;TbCCau;2;MgCauCButtom;smallint;2;5;0;0;0;NULL
GEVE;dbo;TbCCau;3;MgCauCheckQ;bit;1;1;0;0;0;NULL
GEVE;dbo;TbCCau;4;MgCauCheckV;bit;1;1;0;0;0;NULL
GEVE;dbo;TbCli;1;ClCod;varchar;5;0;0;0;0;NULL
GEVE;dbo;TbCli;2;ClPagam;smallint;2;5;0;0;0;NULL
GEVE;dbo;TbCli;3;ClPagDesc;varchar;60;0;0;0;0;('')
GEVE;dbo;TbCli;4;ClAbi;int;4;10;0;0;0;NULL
GEVE;dbo;TbCli;5;ClCab;int;4;10;0;0;0;NULL
GEVE;dbo;TbCli;6;ClCntRid;varchar;30;0;0;0;0;NULL
GEVE;dbo;TbCli;7;ClCodAge;varchar;3;0;0;0;0;('')
GEVE;dbo;TbCli;8;ClCodMan;varchar;3;0;0;0;0;('')
GEVE;dbo;TbCli;9;ClCodivani;smallint;2;5;0;0;0;NULL
GEVE;dbo;TbCli;10;ClClifatt;varchar;5;0;0;0;0;NULL
GEVE;dbo;TbCli;11;ClDirezione;smallint;2;5;0;1;0;((0))
GEVE;dbo;TbCli;12;ClAttivo;bit;1;1;0;0;0;((1))
GEVE;dbo;TbCli;13;ClEseSpe;bit;1;1;0;0;0;((0))
GEVE;dbo;TbCli;14;ClCodBan;smallint;2;5;0;0;0;((1))
GEVE;dbo;TbCli;15;ClCC;varchar;12;0;0;0;0;NULL
GEVE;dbo;TbCli;16;ClCinEur;varchar;2;0;0;0;0;NULL
GEVE;dbo;TbCli;17;ClCin;varchar;1;0;0;0;0;NULL
GEVE;dbo;TbCli;18;ClInviaMail;bit;1;1;0;0;0;((0))
GEVE;dbo;TbCli;19;ClMaxScop;decimal;5;9;2;0;0;((0.00))
GEVE;dbo;TbCli;20;Cl1RidData;smalldatetime;4;16;0;1;0;NULL
GEVE;dbo;TbCli;21;ClNazione;varchar;2;0;0;0;0;('IT')
GEVE;dbo;TbCli;22;ClRegione;varchar;40;0;0;1;0;NULL
GEVE;dbo;TbCli;23;ClSc1;decimal;5;4;2;0;0;((0.00))
GEVE;dbo;TbCli;24;ClSc2;decimal;5;4;2;0;0;((0.00))
GEVE;dbo;TbCli;25;ClPortoFranco;bit;1;1;0;0;0;((0))
GEVE;dbo;TbCli;26;ClGrCanale;smallint;2;5;0;0;0;((0))
GEVE;dbo;TbCli;27;ClBlackList;bit;1;1;0;1;0;((0))
GEVE;dbo;TbCli;28;ClStato;bit;1;1;0;0;0;((0))
GEVE;dbo;TbCli;29;ClSculter;decimal;5;4;2;0;0;((0.00))
GEVE;dbo;TbCli;30;ClMailAmministra;varchar;100;0;0;0;0;('')
GEVE;dbo;TbCli;31;ClMailComunica;varchar;100;0;0;0;0;('')
GEVE;dbo;TbCli;32;ClClasseFattura;varchar;1;0;0;0;0;('')
GEVE;dbo;TbCli;33;ClCreateDataOra;datetime;8;23;3;1;0;NULL
GEVE;dbo;TbCli;34;ClUpdateDataOra;datetime;8;23;3;1;0;NULL
GEVE;dbo;TbCli;35;ClOrario;varchar;100;0;0;0;0;('')
GEVE;dbo;TbCli;36;ClBolRag;bit;1;1;0;0;0;((1))
GEVE;dbo;TbCli;37;ClEspSconti;varchar;1;0;0;0;0;('')
GEVE;dbo;TbCli;38;ClSplitPay;bit;1;1;0;0;0;((0))
GEVE;dbo;TbColori;1;ColId;int;4;10;0;0;1;NULL
GEVE;dbo;TbColori;2;ColDesc;varchar;30;0;0;0;0;('')
GEVE;dbo;TbCor;1;CorTipoDoc;varchar;1;0;0;0;0;NULL
GEVE;dbo;TbCor;2;CorRif;int;4;10;0;0;0;NULL
GEVE;dbo;TbCor;3;CorProg;int;4;10;0;0;0;NULL
GEVE;dbo;TbCor;4;CorArtID;int;4;10;0;0;0;NULL
GEVE;dbo;TbCor;5;CorCodArt;varchar;20;0;0;0;0;NULL
GEVE;dbo;TbCor;6;CorDesc;varchar;200;0;0;0;0;NULL
GEVE;dbo;TbCor;7;CorQuaCon;decimal;5;8;3;0;0;NULL
GEVE;dbo;TbCor;8;CorPrezzo;decimal;5;9;3;0;0;NULL
GEVE;dbo;TbCor;9;CorSc1;decimal;5;5;3;0;0;NULL
GEVE;dbo;TbCor;10;CorSc2;decimal;5;5;3;0;0;NULL
GEVE;dbo;TbCor;11;CorSc3;decimal;5;5;3;0;0;NULL
GEVE;dbo;TbCor;12;CorSc4;decimal;5;5;3;0;0;((0))
GEVE;dbo;TbCor;13;CorSc5;decimal;5;5;3;0;0;((0))
GEVE;dbo;TbCor;14;CorNetto;decimal;9;11;5;0;0;NULL
GEVE;dbo;TbCor;15;CorImporto;decimal;9;11;2;0;0;NULL
GEVE;dbo;TbCor;16;CorUrgenza;bit;1;1;0;0;0;NULL
GEVE;dbo;TbCor;17;CorSpot;bit;1;1;0;0;0;NULL
GEVE;dbo;TbCor;18;CorPromo;varchar;1;0;0;0;0;NULL
GEVE;dbo;TbCor;19;CorAssortito;bit;1;1;0;0;0;NULL
GEVE;dbo;TbCor;20;CorVariato;bit;1;1;0;0;0;NULL
GEVE;dbo;TbCor;21;CorCampagna;varchar;10;0;0;0;0;NULL
GEVE;dbo;TbCor;22;CorCiva;smallint;2;5;0;0;0;NULL
GEVE;dbo;TbCor;23;CorCntrp;varchar;5;0;0;0;0;NULL
GEVE;dbo;TbCor;24;CorCau;smallint;2;5;0;0;0;NULL
GEVE;dbo;TbCor;25;CorMacro;varchar;6;0;0;0;0;NULL
GEVE;dbo;TbCor;26;CorOrdRif;int;4;10;0;0;0;NULL
GEVE;dbo;TbCor;27;CorOrdine;varchar;8;0;0;0;0;NULL
GEVE;dbo;TbCor;28;CorArtFor;varchar;15;0;0;0;0;NULL
GEVE;dbo;TbCor;29;CorPlRif;int;4;10;0;0;0;((0))
GEVE;dbo;TbCor;30;CorPlCassa;int;4;10;0;0;0;((0))
GEVE;dbo;TbCor;31;CorImballo;decimal;5;9;2;0;0;((0))
GEVE;dbo;TbCor;32;CorMg1;decimal;5;5;3;0;0;((0))
GEVE;dbo;TbCor;33;CorMg2;decimal;5;5;3;0;0;((0))
GEVE;dbo;TbCor;34;CorMg3;decimal;5;5;3;0;0;((0))
GEVE;dbo;TbCor;35;CorMerc;int;4;10;0;0;0;((0))
GEVE;dbo;TbCor;36;CorBrand;int;4;10;0;0;0;((0))
GEVE;dbo;TbCor;37;CorOrdProg;int;4;10;0;1;0;((0))
GEVE;dbo;TbCor;38;CorUM;varchar;2;0;0;0;0;('')
GEVE;dbo;TbCor;39;CorLotto;varchar;20;0;0;1;0;('')
GEVE;dbo;TbCor;40;CorDataScad;smalldatetime;4;16;0;1;0;NULL
GEVE;dbo;TbCor;41;CorAnnota;varchar;-1;0;0;1;0;NULL
GEVE;dbo;TbCor;42;CorOmaggi;varchar;1;0;0;1;0;('')
GEVE;dbo;TbDcg;1;DcgNumRif;int;4;10;0;0;0;NULL
GEVE;dbo;TbDcg;2;DcgTipo;varchar;1;0;0;0;0;NULL
GEVE;dbo;TbDcg;3;DcgTrasf;bit;1;1;0;0;0;NULL
GEVE;dbo;TbDcg;4;DcgData;smalldatetime;4;16;0;0;0;NULL
GEVE;dbo;TbDcg;5;DcgRegistro;smallint;2;5;0;0;0;NULL
GEVE;dbo;TbDcg;6;DcgNumero;int;4;10;0;0;0;NULL
GEVE;dbo;TbDcg;7;DcgCli;varchar;5;0;0;0;0;NULL
GEVE;dbo;TbDcg;8;DcgCodAge;smallint;2;5;0;0;0;NULL
GEVE;dbo;TbDcg;9;DcgImp1;decimal;9;12;2;0;0;NULL
GEVE;dbo;TbDcg;10;DcgCodIva1;smallint;2;5;0;0;0;NULL
GEVE;dbo;TbDcg;11;DcgIva1;decimal;9;12;2;0;0;NULL
GEVE;dbo;TbDcg;12;DcgCptCon1;varchar;5;0;0;0;0;NULL
GEVE;dbo;TbDcg;13;DcgImp2;decimal;9;12;2;0;0;NULL
GEVE;dbo;TbDcg;14;DcgCodIva2;smallint;2;5;0;0;0;NULL
GEVE;dbo;TbDcg;15;DcgIva2;decimal;9;12;2;0;0;NULL
GEVE;dbo;TbDcg;16;DcgCptCon2;varchar;5;0;0;0;0;NULL
GEVE;dbo;TbDcg;17;DcgImp3;decimal;9;12;2;0;0;NULL
GEVE;dbo;TbDcg;18;DcgCodIva3;smallint;2;5;0;0;0;NULL
GEVE;dbo;TbDcg;19;DcgIva3;decimal;9;12;2;0;0;NULL
GEVE;dbo;TbDcg;20;DcgCptCon3;varchar;5;0;0;0;0;NULL
GEVE;dbo;TbDcg;21;DcgImp4;decimal;9;12;2;0;0;NULL
GEVE;dbo;TbDcg;22;DcgCodIva4;smallint;2;5;0;0;0;NULL
GEVE;dbo;TbDcg;23;DcgIva4;decimal;9;12;2;0;0;NULL
GEVE;dbo;TbDcg;24;DcgCptCon4;varchar;5;0;0;0;0;NULL
GEVE;dbo;TbDcg;25;DcgImp5;decimal;9;12;2;0;0;NULL
GEVE;dbo;TbDcg;26;DcgCodIva5;smallint;2;5;0;0;0;NULL
GEVE;dbo;TbDcg;27;DcgIva5;decimal;9;12;2;0;0;NULL
GEVE;dbo;TbDcg;28;DcgCptCon5;varchar;5;0;0;0;0;NULL
GEVE;dbo;TbDcg;29;DcgImp6;decimal;9;12;2;0;0;NULL
GEVE;dbo;TbDcg;30;DcgCodIva6;smallint;2;5;0;0;0;NULL
GEVE;dbo;TbDcg;31;DcgIva6;decimal;9;12;2;0;0;NULL
GEVE;dbo;TbDcg;32;DcgCptCon6;varchar;5;0;0;0;0;NULL
GEVE;dbo;TbDcg;33;DcgImp7;decimal;9;12;2;0;0;NULL
GEVE;dbo;TbDcg;34;DcgCodIva7;smallint;2;5;0;0;0;NULL
GEVE;dbo;TbDcg;35;DcgIva7;decimal;9;12;2;0;0;NULL
GEVE;dbo;TbDcg;36;DcgCptCon7;varchar;5;0;0;0;0;NULL
GEVE;dbo;TbDcg;37;DcgImp8;decimal;9;12;2;0;0;NULL
GEVE;dbo;TbDcg;38;DcgCodIva8;smallint;2;5;0;0;0;NULL
GEVE;dbo;TbDcg;39;DcgIva8;decimal;9;12;2;0;0;NULL
GEVE;dbo;TbDcg;40;DcgCptCon8;varchar;5;0;0;0;0;NULL
GEVE;dbo;TbDcg;41;DcgImp9;decimal;9;12;2;0;0;NULL
GEVE;dbo;TbDcg;42;DcgCodIva9;smallint;2;5;0;0;0;NULL
GEVE;dbo;TbDcg;43;DcgIva9;decimal;9;12;2;0;0;NULL
GEVE;dbo;TbDcg;44;DcgCptCon9;varchar;5;0;0;0;0;NULL
GEVE;dbo;TbDcg;45;DcgImp10;decimal;9;12;2;0;0;NULL
GEVE;dbo;TbDcg;46;DcgCodIva10;smallint;2;5;0;0;0;NULL
GEVE;dbo;TbDcg;47;DcgIva10;decimal;9;12;2;0;0;NULL
GEVE;dbo;TbDcg;48;DcgCptCon10;varchar;5;0;0;0;0;NULL
GEVE;dbo;TbDcg;49;DcgImp11;decimal;9;12;2;0;0;NULL
GEVE;dbo;TbDcg;50;DcgCodIva11;smallint;2;5;0;0;0;NULL
GEVE;dbo;TbDcg;51;DcgIva11;decimal;9;12;2;0;0;NULL
GEVE;dbo;TbDcg;52;DcgCptCon11;varchar;5;0;0;0;0;NULL
GEVE;dbo;TbDcg;53;DcgAcconti;decimal;9;12;2;0;0;NULL
GEVE;dbo;TbDcg;54;DcgNBol;int;4;10;0;0;0;NULL
GEVE;dbo;TbDcg;55;DcgTotMerce;decimal;9;12;2;0;0;NULL
GEVE;dbo;TbDcg;56;DcgSpeBolli;decimal;9;12;2;0;0;NULL
GEVE;dbo;TbDcg;57;DcgSpeBolliCi;smallint;2;5;0;0;0;NULL
GEVE;dbo;TbDcg;58;DcgSpeRb;decimal;9;12;2;0;0;NULL
GEVE;dbo;TbDcg;59;DcgSpeRbCi;smallint;2;5;0;0;0;NULL
GEVE;dbo;TbDcg;60;DcgRieImp1;decimal;9;12;2;0;0;NULL
GEVE;dbo;TbDcg;61;DcgRieCi1;smallint;2;5;0;0;0;NULL
GEVE;dbo;TbDcg;62;DcgRieIva1;decimal;9;12;2;0;0;NULL
GEVE;dbo;TbDcg;63;DcgRieImp2;decimal;9;12;2;0;0;NULL
GEVE;dbo;TbDcg;64;DcgRieCi2;smallint;2;5;0;0;0;NULL
GEVE;dbo;TbDcg;65;DcgRieIva2;decimal;9;12;2;0;0;NULL
GEVE;dbo;TbDcg;66;DcgRieImp3;decimal;9;12;2;0;0;NULL
GEVE;dbo;TbDcg;67;DcgRieCi3;smallint;2;5;0;0;0;NULL
GEVE;dbo;TbDcg;68;DcgRieIva3;decimal;9;12;2;0;0;NULL
GEVE;dbo;TbDcg;69;DcgRieImp4;decimal;9;12;2;0;0;NULL
GEVE;dbo;TbDcg;70;DcgRieCi4;smallint;2;5;0;0;0;NULL
GEVE;dbo;TbDcg;71;DcgRieIva4;decimal;9;12;2;0;0;NULL
GEVE;dbo;TbDcg;72;DcgRieImp5;decimal;9;12;2;0;0;NULL
GEVE;dbo;TbDcg;73;DcgRieCi5;smallint;2;5;0;0;0;NULL
GEVE;dbo;TbDcg;74;DcgRieIva5;decimal;9;12;2;0;0;NULL
GEVE;dbo;TbDcg;75;DcgRieImp6;decimal;9;12;2;0;0;NULL
GEVE;dbo;TbDcg;76;DcgRieCi6;smallint;2;5;0;0;0;NULL
GEVE;dbo;TbDcg;77;DcgRieIva6;decimal;9;12;2;0;0;NULL
GEVE;dbo;TbDcg;78;DcgRieImp7;decimal;9;12;2;0;0;NULL
GEVE;dbo;TbDcg;79;DcgRieCi7;smallint;2;5;0;0;0;NULL
GEVE;dbo;TbDcg;80;DcgRieIva7;decimal;9;12;2;0;0;NULL
GEVE;dbo;TbDcg;81;DcgRieTotImp;decimal;9;12;2;0;0;NULL
GEVE;dbo;TbDcg;82;DcgRieTotEse;decimal;9;12;2;0;0;NULL
GEVE;dbo;TbDcg;83;DcgRieTotIva;decimal;9;12;2;0;0;NULL
GEVE;dbo;TbDcg;84;DcgRieTotFat;decimal;9;12;2;0;0;NULL
GEVE;dbo;TbDcg;85;DcgRieTotOma;decimal;9;12;2;0;0;NULL
GEVE;dbo;TbDcg;86;DcgRieTotAcc;decimal;9;12;2;0;0;NULL
GEVE;dbo;TbDcg;87;DcgRieTotale;decimal;9;12;2;0;0;NULL
GEVE;dbo;TbDcg;88;DcgRieScCond;decimal;9;12;2;0;0;NULL
GEVE;dbo;TbDcg;89;DcgRieNetto;decimal;9;12;2;0;0;NULL
GEVE;dbo;TbDcg;90;DcgCodPag;smallint;2;5;0;0;0;NULL
GEVE;dbo;TbDcg;91;DcgSculter;decimal;5;5;2;0;0;NULL
GEVE;dbo;TbDcg;92;DcgRieTotSconto;decimal;9;12;2;0;0;NULL
GEVE;dbo;TbDcg;93;DcgSpeImb;decimal;9;12;2;0;0;NULL
GEVE;dbo;TbDcg;94;DcgSpeImbCi;smallint;2;5;0;0;0;NULL
GEVE;dbo;TbDep;1;DepCod;smallint;2;5;0;0;0;NULL
GEVE;dbo;TbDep;2;DepDesc;varchar;50;0;0;0;0;NULL
GEVE;dbo;TbDFA;1;DFatId;int;4;10;0;0;1;NULL
GEVE;dbo;TbDFA;2;DFatNum;int;4;10;0;0;0;NULL
GEVE;dbo;TbDFA;3;DFatData;smalldatetime;4;16;0;0;0;NULL
GEVE;dbo;TbDFA;4;DFatNumReg;smallint;2;5;0;0;0;NULL
GEVE;dbo;TbDFA;5;DFatTrasf;bit;1;1;0;0;0;NULL
GEVE;dbo;TbDFA;6;DFatTerminale;varchar;20;0;0;0;0;NULL
GEVE;dbo;TbDFA;7;DFatDataOra;smalldatetime;4;16;0;0;0;(getdate())
GEVE;dbo;TbDogana;1;DGCodice;varchar;16;0;0;0;0;NULL
GEVE;dbo;TbDogana;2;DGDescri;varchar;100;0;0;0;0;NULL
GEVE;dbo;TbDogana;3;DGTipo;varchar;1;0;0;0;0;('P')
GEVE;dbo;TBDXMENU;1;BARGROUP;smallint;2;5;0;0;0;NULL
GEVE;dbo;TBDXMENU;2;BARID;smallint;2;5;0;0;0;NULL
GEVE;dbo;TbEccezioniChiusura;1;ID;int;4;10;0;0;1;NULL
GEVE;dbo;TbEccezioniChiusura;2;DataInizio;date;3;10;0;0;0;NULL
GEVE;dbo;TbEccezioniChiusura;3;DataFine;date;3;10;0;0;0;NULL
GEVE;dbo;TbEccezioniChiusura;4;CodiceEccezione;int;4;10;0;0;0;NULL
GEVE;dbo;TbEccezioniChiusura;5;Slot;int;4;10;0;1;0;NULL
GEVE;dbo;TbEccezioniChiusura;6;OraInizio;time;5;16;7;1;0;NULL
GEVE;dbo;TbEccezioniChiusura;7;OraFine;time;5;16;7;1;0;NULL
GEVE;dbo;TbEccezioniChiusura;8;Note;varchar;100;0;0;1;0;NULL
GEVE;dbo;TbEccezioniChiusura;9;ParentID;int;4;10;0;0;0;NULL
GEVE;dbo;TbFam;1;FamCod;smallint;2;5;0;0;0;NULL
GEVE;dbo;TbFam;2;FamDesc;varchar;35;0;0;0;0;('')
GEVE;dbo;TbFat;1;FatRif;int;4;10;0;0;1;NULL
GEVE;dbo;TbFat;2;FatTipoDoc;varchar;1;0;0;0;0;NULL
GEVE;dbo;TbFat;3;FatData;smalldatetime;4;16;0;0;0;NULL
GEVE;dbo;TbFat;4;FatNum;int;4;10;0;0;0;NULL
GEVE;dbo;TbFat;5;FatAge;smallint;2;5;0;0;0;NULL
GEVE;dbo;TbFat;6;FatCliCons;varchar;5;0;0;0;0;NULL
GEVE;dbo;TbFat;7;FatPagCod;smallint;2;5;0;0;0;NULL
GEVE;dbo;TbFat;8;FatAbi;int;4;10;0;0;0;NULL
GEVE;dbo;TbFat;9;FatCab;int;4;10;0;0;0;NULL
GEVE;dbo;TbFat;10;FatEsespe;smallint;2;5;0;0;0;NULL
GEVE;dbo;TbFat;11;FatNimp;smallint;2;5;0;0;0;NULL
GEVE;dbo;TbFat;12;FatCau;smallint;2;5;0;0;0;NULL
GEVE;dbo;TbFat;13;FatSculter;decimal;5;4;2;0;0;NULL
GEVE;dbo;TbFat;14;FatPorto;varchar;10;0;0;0;0;('')
GEVE;dbo;TbFat;15;FatVett1;smallint;2;5;0;0;0;((0))
GEVE;dbo;TbFat;16;FatVett2;smallint;2;5;0;0;0;((0))
GEVE;dbo;TbFat;17;FatCliFat;varchar;5;0;0;0;0;NULL
GEVE;dbo;TbFat;18;FatNumReg;smallint;2;5;0;0;0;NULL
GEVE;dbo;TbFat;19;FatBanca;varchar;25;0;0;1;0;NULL
GEVE;dbo;TbFat;20;FatTrasf;bit;1;1;0;1;0;NULL
GEVE;dbo;TbFat;21;FatNcolli;smallint;2;5;0;0;0;((0))
GEVE;dbo;TbFat;22;FatNVolumi;smallint;2;5;0;0;0;((0))
GEVE;dbo;TbFat;23;FatDMV;varchar;12;0;0;0;0;('')
GEVE;dbo;TbFat;24;FatDiff;varchar;1;0;0;0;0;('')
GEVE;dbo;TbFat;25;FatAspBeni;varchar;50;0;0;0;0;('')
GEVE;dbo;TbFat;26;FatVarDest;varchar;100;0;0;0;0;('')
GEVE;dbo;TbFat;27;FatAnnota;varchar;100;0;0;0;0;('')
GEVE;dbo;TbFat;28;FatNDep;smallint;2;5;0;0;0;((0))
GEVE;dbo;TbFat;29;FatNote;varchar;50;0;0;0;0;('')
GEVE;dbo;TbFat;30;FatTipoFte;varchar;4;0;0;0;0;('')
GEVE;dbo;TbFat;31;FatPvv;varchar;5;0;0;0;0;('')
GEVE;dbo;TbFat;32;FatPesoNetto;decimal;5;9;3;0;0;((0))
GEVE;dbo;TbFat;33;FatPesoLordo;decimal;5;9;3;0;0;((0))
GEVE;dbo;TbFat;34;FatDataRitiro1;smalldatetime;4;16;0;1;0;NULL
GEVE;dbo;TbFat;35;FatDataRitiro2;smalldatetime;4;16;0;1;0;NULL
GEVE;dbo;TbFat;36;FatDataTrasp;smalldatetime;4;16;0;1;0;NULL
GEVE;dbo;TbFat;37;FatListino;smallint;2;5;0;0;0;((0))
GEVE;dbo;TbFoglioIngr;1;EtixFoglio;smallint;2;5;0;0;0;NULL
GEVE;dbo;TbFor;1;FoCod;varchar;5;0;0;0;0;NULL
GEVE;dbo;TbFor;2;FoPagam;smallint;2;5;0;0;0;((0))
GEVE;dbo;TbFor;3;FoPagDesc;varchar;60;0;0;0;0;('')
GEVE;dbo;TbFor;4;FoAbi;int;4;10;0;0;0;((0))
GEVE;dbo;TbFor;5;FoCab;int;4;10;0;0;0;((0))
GEVE;dbo;TbFor;6;FoCC;varchar;12;0;0;0;0;('')
GEVE;dbo;TbFor;7;FoCinEur;varchar;2;0;0;0;0;('')
GEVE;dbo;TbFor;8;FoCin;varchar;1;0;0;0;0;('')
GEVE;dbo;TbFor;9;FoCodBan;smallint;2;5;0;0;0;((0))
GEVE;dbo;TbFor;10;FoSoggRit;bit;1;1;0;0;0;((0))
GEVE;dbo;TbFor;11;FoAttivo;bit;1;1;0;1;0;((1))
GEVE;dbo;TbFor;12;FoBlackList;bit;1;1;0;1;0;((0))
GEVE;dbo;TbFor;13;FoSbloccoFat;bit;1;1;0;1;0;((1))
GEVE;dbo;TbFor;14;FoGruppoAt;smallint;2;5;0;1;0;((0))
GEVE;dbo;TbFor;15;FoNazione;varchar;2;0;0;0;0;('IT')
GEVE;dbo;TbFor;16;FoEnasarco;smallint;2;5;0;0;0;((0))
GEVE;dbo;TbFor;17;FoMatGrezzo;bit;1;1;0;0;0;((0))
GEVE;dbo;TbFormati;1;FrmId;int;4;10;0;0;1;NULL
GEVE;dbo;TbFormati;2;FrmDesc;varchar;30;0;0;0;0;('')
GEVE;dbo;TbFrasi;1;FrId;smallint;2;5;0;0;1;NULL
GEVE;dbo;TbFrasi;2;FrDesc;varchar;75;0;0;0;0;('')
GEVE;dbo;TbFtCIG;1;FtRif;int;4;10;0;0;0;NULL
GEVE;dbo;TbFtCIG;2;FtOrdNum;varchar;20;0;0;0;0;NULL
GEVE;dbo;TbFtCIG;3;FtOrdData;smalldatetime;4;16;0;1;0;NULL
GEVE;dbo;TbFtCIG;4;FtCIG;varchar;20;0;0;0;0;NULL
GEVE;dbo;TbFtCIG;5;FtCUP;varchar;15;0;0;0;0;('')
GEVE;dbo;TbFte;1;FteRif;int;4;10;0;0;0;NULL
GEVE;dbo;TbFte;2;FteDDTNum;varchar;20;0;0;0;0;('')
GEVE;dbo;TbFte;3;FteDDTData;smalldatetime;4;16;0;1;0;NULL
GEVE;dbo;TbFte;4;FteOrdNum;varchar;20;0;0;0;0;('')
GEVE;dbo;TbFte;5;FteOrdData;smalldatetime;4;16;0;1;0;NULL
GEVE;dbo;TbFte;6;FteCIG;varchar;20;0;0;0;0;('')
GEVE;dbo;TbFte;7;FteModPag;varchar;4;0;0;0;0;('')
GEVE;dbo;TbFte;8;FteNatura;varchar;2;0;0;0;0;('')
GEVE;dbo;TbFte;9;FteProgrInvio;int;4;10;0;0;0;((0))
GEVE;dbo;TbFte;10;FteErr_Cod;smallint;2;5;0;0;0;((0))
GEVE;dbo;TbFte;11;FteErr_desc;varchar;2000;0;0;0;0;('')
GEVE;dbo;TbFte;12;FteDaInviare;bit;1;1;0;0;0;((1))
GEVE;dbo;TbFte;13;FteIdElab;int;4;10;0;0;0;((0))
GEVE;dbo;TbFte;14;FteElaborataSia;bit;1;1;0;0;0;((0))
GEVE;dbo;TbFte;15;FteDataOra;datetime;8;23;3;1;0;NULL
GEVE;dbo;TbFte;16;FteProgSIA;int;4;10;0;0;0;((0))
GEVE;dbo;TbFte;17;FteStato;varchar;20;0;0;0;0;('')
GEVE;dbo;TbFte;18;FteNomeSDI;varchar;50;0;0;0;0;('')
GEVE;dbo;TbFte;19;FteNomeFile;varchar;30;0;0;0;0;('')
GEVE;dbo;TbFte;20;FteKBFile;int;4;10;0;0;0;((0))
GEVE;dbo;TbFte;21;FteAnno;smallint;2;5;0;0;0;((0))
GEVE;dbo;TbFte;22;FteNumero;int;4;10;0;0;0;((0))
GEVE;dbo;TbFte;23;FteRegistro;smallint;2;5;0;0;0;((0))
GEVE;dbo;TbFte;24;FteData;smalldatetime;4;16;0;1;0;NULL
GEVE;dbo;TbFte;25;FteAlfanum;varchar;10;0;0;0;0;('')
GEVE;dbo;TbFte;26;FteStatoAttive;smallint;2;5;0;0;0;((0))
GEVE;dbo;TbFte;27;FteUltOp;varchar;50;0;0;0;0;('')
GEVE;dbo;TbFte;28;FteCodStato;smallint;2;5;0;0;0;((0))
GEVE;dbo;TbFte;29;FteStatoDaPrenotare;bit;1;1;0;0;0;((0))
GEVE;dbo;TbFte;30;FteStatoDaRecuperare;bit;1;1;0;0;0;((0))
GEVE;dbo;TbFte;31;FteIdConservazione;int;4;10;0;0;0;((0))
GEVE;dbo;TbFte;32;FteNote;varchar;2000;0;0;0;0;('')
GEVE;dbo;TbFte;33;FteCliente;varchar;5;0;0;0;0;('')
GEVE;dbo;TbFte;34;FteRagSoc;varchar;100;0;0;0;0;('')
GEVE;dbo;TbFte;35;FteTotFat;decimal;9;12;2;1;0;((0))
GEVE;dbo;TbFte;36;FteCUP;varchar;15;0;0;0;0;('')
GEVE;dbo;TbFte;37;FteBlueNext;bit;1;1;0;0;0;((0))
GEVE;dbo;TbFte;38;FtePA;bit;1;1;0;0;0;((0))
GEVE;dbo;TbFte;39;FteIdBN;varchar;50;0;0;0;0;('')
GEVE;dbo;TbFte;40;FteIdSDI;varchar;30;0;0;0;0;('')
GEVE;dbo;TbFte;41;FteNomeFileBN;varchar;50;0;0;0;0;('')
GEVE;dbo;TbFte_Eff;1;RicProg;int;4;10;0;0;1;NULL
GEVE;dbo;TbFte_Eff;2;RicClie;varchar;5;0;0;0;0;NULL
GEVE;dbo;TbFte_Eff;3;RicNfat;int;4;10;0;0;0;NULL
GEVE;dbo;TbFte_Eff;4;RicImpFatt;decimal;9;13;2;0;0;NULL
GEVE;dbo;TbFte_Eff;5;RicAbi;int;4;10;0;0;0;NULL
GEVE;dbo;TbFte_Eff;6;RicCab;int;4;10;0;0;0;NULL
GEVE;dbo;TbFte_Eff;7;RicImpRata;decimal;9;13;2;0;0;NULL
GEVE;dbo;TbFte_Eff;8;RicTPag;smallint;2;5;0;0;0;NULL
GEVE;dbo;TbFte_Eff;9;RicNRata;smallint;2;5;0;0;0;NULL
GEVE;dbo;TbFte_Eff;10;RicDfat;smalldatetime;4;16;0;0;0;NULL
GEVE;dbo;TbFte_Eff;11;RicDsca;smalldatetime;4;16;0;0;0;NULL
GEVE;dbo;TbFte_Eff;12;RicRifFat;int;4;10;0;1;0;NULL
GEVE;dbo;TbFte_Esterne;1;RifEsterne;int;4;10;0;0;1;NULL
GEVE;dbo;TbFte_Esterne;2;DataOra;datetime;8;23;3;0;0;NULL
GEVE;dbo;TbFte_Liste_Passive;1;FteLID;int;4;10;0;0;1;NULL
GEVE;dbo;TbFte_Liste_Passive;2;FteLDataOra;datetime;8;23;3;0;0;(getdate())
GEVE;dbo;TbFte_Liste_Passive;3;FteLLista;int;4;10;0;0;0;((0))
GEVE;dbo;TbFte_Liste_Passive;4;FteLElab;bit;1;1;0;0;0;((0))
GEVE;dbo;TbFte_Passiva;1;FteRif;int;4;10;0;0;1;NULL
GEVE;dbo;TbFte_Passiva;2;FteIdSDI;bigint;8;19;0;0;0;NULL
GEVE;dbo;TbFte_Passiva;3;FteDataOra;datetime;8;23;3;0;0;(getdate())
GEVE;dbo;TbFte_Passiva;4;FteProgSIA;int;4;10;0;0;0;NULL
GEVE;dbo;TbFte_Passiva;5;FtePartIva;varchar;20;0;0;0;0;NULL
GEVE;dbo;TbFte_Passiva;6;FteRagSoc;varchar;100;0;0;0;0;NULL
GEVE;dbo;TbFte_Passiva;7;FteNomeFile;varchar;50;0;0;0;0;NULL
GEVE;dbo;TbFte_Passiva;8;FteAnno;smallint;2;5;0;0;0;NULL
GEVE;dbo;TbFte_Passiva;9;FteNumero;varchar;20;0;0;0;0;NULL
GEVE;dbo;TbFte_Passiva;10;FteData;smalldatetime;4;16;0;1;0;NULL
GEVE;dbo;TbFte_Passiva;11;FteDataRicezione;smalldatetime;4;16;0;1;0;NULL
GEVE;dbo;TbFte_Passiva;12;FteTotFat;decimal;9;12;2;1;0;NULL
GEVE;dbo;TbFte_Passiva;13;FteRifPri;int;4;10;0;0;0;((0))
GEVE;dbo;TbFte_Passiva;14;FtePrintM;bit;1;1;0;0;0;((0))
GEVE;dbo;TbFte_Passiva;15;FtePrintA;bit;1;1;0;0;0;((0))
GEVE;dbo;TbFte_Passiva;16;FteDataConsegnaSDI;smalldatetime;4;16;0;1;0;NULL
GEVE;dbo;TbFte_Passiva;17;FteTotImp;decimal;9;12;2;0;0;((0))
GEVE;dbo;TbFte_Passiva;18;FteTotIva;decimal;9;12;2;0;0;((0))
GEVE;dbo;TbFte_Passiva;19;FteFinoAl;smalldatetime;4;16;0;1;0;NULL
GEVE;dbo;TbFte_Passiva;20;FteIdBN;varchar;50;0;0;0;0;('')
GEVE;dbo;TbFteCli;1;ClFteCod;varchar;5;0;0;0;0;NULL
GEVE;dbo;TbFteCli;2;ClFteDestinatario;varchar;7;0;0;0;0;('')
GEVE;dbo;TbFteCli;3;ClFtePec;varchar;50;0;0;0;0;('')
GEVE;dbo;TbFteDDt;1;FteID;int;4;10;0;0;1;NULL
GEVE;dbo;TbFteDDt;2;FteRif;int;4;10;0;0;0;NULL
GEVE;dbo;TbFteDDt;3;FteDDtNum;varchar;20;0;0;0;0;NULL
GEVE;dbo;TbFteDDt;4;FteDDTData;smalldatetime;4;16;0;1;0;NULL
GEVE;dbo;TbFtEle;1;FERif;int;4;10;0;0;0;NULL
GEVE;dbo;TbFtEle;2;FEPath;varchar;100;0;0;0;0;NULL
GEVE;dbo;TbFtEle;3;FEInviata;bit;1;1;0;0;0;((0))
GEVE;dbo;TbFteStato_Doc;1;FteStatoCod;smallint;2;5;0;0;0;NULL
GEVE;dbo;TbFteStato_Doc;2;FteStatoDesc;varchar;50;0;0;0;0;NULL
GEVE;dbo;TbFteStato_DocBN;1;FteStatoCod;smallint;2;5;0;0;0;NULL
GEVE;dbo;TbFteStato_DocBN;2;FteStatoDesc;varchar;50;0;0;0;0;NULL
GEVE;dbo;TbGcau;1;GId;smallint;2;5;0;0;1;NULL
GEVE;dbo;TbGcau;2;GCaugestione;varchar;15;0;0;0;0;NULL
GEVE;dbo;TbGcau;3;GCauId;smallint;2;5;0;0;0;NULL
GEVE;dbo;TbGcau;4;GCauQuadri;bit;1;1;0;0;0;NULL
GEVE;dbo;TbGcau;5;GCauDefault;bit;1;1;0;0;0;((0))
GEVE;dbo;TbGcau;6;GCauRegistro;smallint;2;5;0;0;0;((0))
GEVE;dbo;TbIntrCC;1;CCCod;varchar;5;0;0;0;0;NULL
GEVE;dbo;TbIntrCC;2;CCDescri;varchar;50;0;0;0;0;('')
GEVE;dbo;TbIntrCC;3;CCGruppo;varchar;1;0;0;0;0;('')
GEVE;dbo;TbIntrCC;4;CCDefault;bit;1;1;0;0;0;((0))
GEVE;dbo;TbIntrMT;1;MTCod;smallint;2;5;0;0;0;NULL
GEVE;dbo;TbIntrMT;2;MTDescri;varchar;50;0;0;0;0;('')
GEVE;dbo;TbIntrMT;3;MTDefault;bit;1;1;0;0;0;((0))
GEVE;dbo;TbLingue;1;LngCod;smallint;2;5;0;0;0;NULL
GEVE;dbo;TbLingue;2;LngDesc;varchar;40;0;0;0;0;NULL
GEVE;dbo;TbLis;1;LisId;int;4;10;0;0;0;NULL
GEVE;dbo;TbLis;2;LisValiditaDal;smalldatetime;4;16;0;0;0;NULL
GEVE;dbo;TbLis;3;LisVendita;decimal;9;10;3;0;0;((0))
GEVE;dbo;TbLisOrig;1;LisId;smallint;2;5;0;0;0;NULL
GEVE;dbo;TbLisOrig;2;LisValiditaDal;smalldatetime;4;16;0;0;0;NULL
GEVE;dbo;TbLisOrig;3;LisPrezzo1;decimal;5;7;2;0;0;NULL
GEVE;dbo;TbLisOrig;4;LisPrezzo2;decimal;5;7;2;0;0;NULL
GEVE;dbo;TbLisOrig;5;LisPrezzo3;decimal;5;7;2;0;0;NULL
GEVE;dbo;TbLisOrig;6;LisPrezzo4;decimal;5;7;2;0;0;NULL
GEVE;dbo;TbLisOrig;7;LisPrezzo5;decimal;5;7;2;0;0;NULL
GEVE;dbo;TbLisOrig;8;LisPrezzo6;decimal;5;7;2;0;0;NULL
GEVE;dbo;TbLisOrig;9;LisPrezzo7;decimal;5;7;2;0;0;NULL
GEVE;dbo;TbLisOrig;10;LisPrezzo8;decimal;5;7;2;0;0;NULL
GEVE;dbo;TbLisOrig;11;LisPrezzo9;decimal;5;7;2;0;0;NULL
GEVE;dbo;TbLisOrig;12;LisPrezzo10;decimal;5;7;2;0;0;NULL
GEVE;dbo;TbLisOrig;13;LisPrezzo11;decimal;5;7;2;0;0;NULL
GEVE;dbo;TbLisOrig;14;LisPrezzo12;decimal;5;7;2;0;0;NULL
GEVE;dbo;TbLisOrig;15;LisPrezzo13;decimal;5;7;2;0;0;NULL
GEVE;dbo;TbLisOrig;16;LisPrezzo14;decimal;5;7;2;0;0;NULL
GEVE;dbo;TbLisOrig;17;LisPrezzo15;decimal;5;7;2;0;0;NULL
GEVE;dbo;TbLisOrig;18;LisPrezzo16;decimal;5;7;2;0;0;NULL
GEVE;dbo;TbLisOrig;19;LisPrezzo17;decimal;5;7;2;0;0;NULL
GEVE;dbo;TbLisOrig;20;LisPrezzo18;decimal;5;7;2;0;0;NULL
GEVE;dbo;TbLisOrig;21;LisPrezzo19;decimal;5;7;2;0;0;NULL
GEVE;dbo;TbLisOrig;22;LisPrezzo20;decimal;5;7;2;0;0;NULL
GEVE;dbo;TbLisOrig;23;LisDataGen;smalldatetime;4;16;0;0;0;(getdate())
GEVE;dbo;TbLock;1;IdStampa;tinyint;1;3;0;0;0;((0))
GEVE;dbo;TbMailBody;1;MailBodyId;varchar;1;0;0;0;0;('0')
GEVE;dbo;TbMailBody;2;MailLingua;varchar;1;0;0;0;0;((0))
GEVE;dbo;TbMailBody;3;MailOggetto;varchar;100;0;0;0;0;('')
GEVE;dbo;TbMailBody;4;MailInizioBody;varchar;1000;0;0;0;0;('')
GEVE;dbo;TbMailBody;5;MailFirma;varchar;500;0;0;0;0;('')
GEVE;dbo;TbMailBody;6;MailFrom;varchar;100;0;0;0;0;('')
GEVE;dbo;TbMailDoc;1;MailRif;int;4;10;0;0;0;NULL
GEVE;dbo;TbMailDoc;2;MailTipoDoc;varchar;1;0;0;0;0;NULL
GEVE;dbo;TbMailDoc;3;MailData;smalldatetime;4;16;0;1;0;NULL
GEVE;dbo;TbMailPec;1;MPID;int;4;10;0;0;1;NULL
GEVE;dbo;TbMailPec;2;MPClie;varchar;5;0;0;0;0;NULL
GEVE;dbo;TbMailPec;3;MPEMail;varchar;50;0;0;0;0;NULL
GEVE;dbo;TbMailPec;4;MPPec;bit;1;1;0;0;0;NULL
GEVE;dbo;TbMailPec;5;MPUte;varchar;60;0;0;0;0;NULL
GEVE;dbo;TbMailPec;6;MPFatture;bit;1;1;0;0;0;((0))
GEVE;dbo;TbMailPec;7;MPTipo;varchar;2;0;0;0;0;('')
GEVE;dbo;TbMailPec;8;MPBolle;bit;1;1;0;0;0;((0))
GEVE;dbo;TbMailPec;9;MPPrevOrd;bit;1;1;0;0;0;((1))
GEVE;dbo;TbMenuGrup;1;MenuGrupId;int;4;10;0;0;0;NULL
GEVE;dbo;TbMenuGrup;2;MenuGrupInd;varchar;5;0;0;0;0;NULL
GEVE;dbo;TbNazioni;1;NazID;smallint;2;5;0;0;1;NULL
GEVE;dbo;TbNazioni;2;NazDesc;varchar;50;0;0;0;0;NULL
GEVE;dbo;TbNewFasAtt;1;FasAtt;smallint;2;5;0;0;0;NULL
GEVE;dbo;TbNewFasAtt;2;FasCategoria;varchar;2;0;0;0;0;NULL
GEVE;dbo;TbNewFasAtt;3;FasArtId;int;4;10;0;0;0;NULL
GEVE;dbo;TbNewFasAtt;4;FasSc1;decimal;5;5;2;0;0;((0))
GEVE;dbo;TbNewFasAtt;5;FasSc2;decimal;5;5;2;0;0;((0))
GEVE;dbo;TbNewFasAtt;6;FasSc3;decimal;5;5;2;0;0;((0))
GEVE;dbo;TbNewFasAtt;7;FasMg1;decimal;5;5;2;0;0;((0))
GEVE;dbo;TbNewFasAtt;8;FasMg2;decimal;5;5;2;0;0;((0))
GEVE;dbo;TbNewFasAtt;9;FasMg3;decimal;5;5;2;0;0;((0))
GEVE;dbo;TbNewFasAtt;10;FasImb;decimal;5;5;2;0;0;((0))
GEVE;dbo;TbNewFasCli;1;FasCli;varchar;5;0;0;0;0;NULL
GEVE;dbo;TbNewFasCli;2;FasCategoria;varchar;2;0;0;0;0;NULL
GEVE;dbo;TbNewFasCli;3;FasArtId;int;4;10;0;0;0;NULL
GEVE;dbo;TbNewFasCli;4;FasSc1;decimal;5;5;2;0;0;NULL
GEVE;dbo;TbNewFasCli;5;FasSc2;decimal;5;5;2;0;0;((0))
GEVE;dbo;TbNewFasCli;6;FasSc3;decimal;5;5;2;0;0;((0))
GEVE;dbo;TbNewFasCli;7;FasMg1;decimal;5;5;2;0;0;((0))
GEVE;dbo;TbNewFasCli;8;FasMg2;decimal;5;5;2;0;0;((0))
GEVE;dbo;TbNewFasCli;9;FasMg3;decimal;5;5;2;0;0;((0))
GEVE;dbo;TbNewFasCli;10;FasImb;decimal;5;5;2;0;0;((0))
GEVE;dbo;TbOpzioniTorte;1;OpzID;int;4;10;0;0;1;NULL
GEVE;dbo;TbOpzioniTorte;2;OpzCat;char;1;0;0;0;0;NULL
GEVE;dbo;TbOpzioniTorte;3;OpzDesc;varchar;100;0;0;0;0;NULL
GEVE;dbo;TbOpzioniTorte;4;OpzAttivo;bit;1;1;0;0;0;((1))
GEVE;dbo;TbOpzioniTorte;5;OpzOrd;int;4;10;0;1;0;NULL
GEVE;dbo;TbOpzioniTorte;6;OpzIngredienti;varchar;-1;0;0;0;0;('')
GEVE;dbo;TbOpzioniTorte;7;OpzIcona;smallint;2;5;0;0;0;((0))
GEVE;dbo;TbOpzioniTorte;8;OpzBagna;bit;1;1;0;0;0;((0))
GEVE;dbo;TbOrariStandard;1;ID;int;4;10;0;0;1;NULL
GEVE;dbo;TbOrariStandard;2;GiornoSettimana;smallint;2;5;0;0;0;NULL
GEVE;dbo;TbOrariStandard;3;Slot;smallint;2;5;0;0;0;NULL
GEVE;dbo;TbOrariStandard;4;OraInizio;time;5;16;7;1;0;NULL
GEVE;dbo;TbOrariStandard;5;OraFine;time;5;16;7;1;0;NULL
GEVE;dbo;TbOrariStandard;6;IsChiuso;bit;1;1;0;0;0;((0))
GEVE;dbo;TbOrdTorte;1;OrdtRif;int;4;10;0;0;1;NULL
GEVE;dbo;TbOrdTorte;2;OrdtNum;int;4;10;0;0;0;NULL
GEVE;dbo;TbOrdTorte;3;OrdtData;smalldatetime;4;16;0;0;0;NULL
GEVE;dbo;TbOrdTorte;4;OrdtCliente;varchar;5;0;0;0;0;('')
GEVE;dbo;TbOrdTorte;5;OrdtPrivati;int;4;10;0;0;0;NULL
GEVE;dbo;TbOrdTorte;6;OrdtDataRitiro;smalldatetime;4;16;0;1;0;NULL
GEVE;dbo;TbOrdTorte;7;OrdOraRitiro;datetime;8;23;3;1;0;NULL
GEVE;dbo;TbOrdTorte;8;OrdtQta;smallint;2;5;0;0;0;((1))
GEVE;dbo;TbOrdTorte;9;OrdTNAdulti;smallint;2;5;0;0;0;NULL
GEVE;dbo;TbOrdTorte;10;OrdtNBambini;smallint;2;5;0;0;0;NULL
GEVE;dbo;TbOrdTorte;11;OrdtPesoKg;decimal;5;6;3;0;0;NULL
GEVE;dbo;TbOrdTorte;12;OrdtTorta;int;4;10;0;0;0;((0))
GEVE;dbo;TbOrdTorte;13;OrdtBase;int;4;10;0;0;0;((0))
GEVE;dbo;TbOrdTorte;14;OrdtPersBase;varchar;100;0;0;0;0;('')
GEVE;dbo;TbOrdTorte;15;OrdtBagna;int;4;10;0;0;0;((0))
GEVE;dbo;TbOrdTorte;16;OrdtOpEventi;int;4;10;0;0;0;((0))
GEVE;dbo;TbOrdTorte;17;OrdtPersOpEventi;varchar;100;0;0;0;0;('')
GEVE;dbo;TbOrdTorte;18;OrdtFotoForma;varbinary;-1;0;0;1;0;NULL
GEVE;dbo;TbOrdTorte;19;OrdtFarcitura;int;4;10;0;0;0;((0))
GEVE;dbo;TbOrdTorte;20;OrdtFarcitura2;int;4;10;0;0;0;((0))
GEVE;dbo;TbOrdTorte;21;OrdtFarcitura3;int;4;10;0;0;0;((0))
GEVE;dbo;TbOrdTorte;22;OrdtPersFarcitura;varchar;100;0;0;0;0;('')
GEVE;dbo;TbOrdTorte;23;OrdtBordoDec;int;4;10;0;0;0;((0))
GEVE;dbo;TbOrdTorte;24;OrdtPersBordoDec;varchar;100;0;0;0;0;('')
GEVE;dbo;TbOrdTorte;25;OrdtFotoDecorazione;varbinary;-1;0;0;1;0;NULL
GEVE;dbo;TbOrdTorte;26;OrdtDecSuperficiale;int;4;10;0;0;0;((0))
GEVE;dbo;TbOrdTorte;27;OrdtPersDecSuperficiale;varchar;100;0;0;0;0;('')
GEVE;dbo;TbOrdTorte;28;OrdtUltStrato;int;4;10;0;0;0;((0))
GEVE;dbo;TbOrdTorte;29;OrdtPersUltStrato;varchar;100;0;0;0;0;('')
GEVE;dbo;TbOrdTorte;30;OrdtFrase;varchar;500;0;0;0;0;NULL
GEVE;dbo;TbOrdTorte;31;OrdtAllergie;varchar;100;0;0;0;0;NULL
GEVE;dbo;TbOrdTorte;32;OrdtImmagineNum;varchar;20;0;0;0;0;NULL
GEVE;dbo;TbOrdTorte;33;OrdtImmagine;varbinary;-1;0;0;1;0;NULL
GEVE;dbo;TbOrdTorte;34;OrdtNote;varchar;250;0;0;0;0;('')
GEVE;dbo;TbOrdTorte;35;OrdtNoFrutta;varchar;100;0;0;0;0;('')
GEVE;dbo;TbOrdTorte;36;OrdtCanaleFoto;varchar;100;0;0;0;0;('')
GEVE;dbo;TbOrdTorte;37;OrdtUnoQta;smallint;2;5;0;0;0;((0))
GEVE;dbo;TbOrdTorte;38;OrdtUnoColore;int;4;10;0;0;0;((0))
GEVE;dbo;TbOrdTorte;39;OrdtDueQta;smallint;2;5;0;0;0;((0))
GEVE;dbo;TbOrdTorte;40;OrdtDueColore;int;4;10;0;0;0;((0))
GEVE;dbo;TbOrdTorte;41;OrdtTreQta;smallint;2;5;0;0;0;((0))
GEVE;dbo;TbOrdTorte;42;OrdtTreColore;int;4;10;0;0;0;((0))
GEVE;dbo;TbOrdTorte;43;OrdtQuattroQta;smallint;2;5;0;0;0;((0))
GEVE;dbo;TbOrdTorte;44;OrdtQuattroColore;int;4;10;0;0;0;((0))
GEVE;dbo;TbOrdTorte;45;OrdtCinqueQta;smallint;2;5;0;0;0;((0))
GEVE;dbo;TbOrdTorte;46;OrdtCinqueColore;int;4;10;0;0;0;((0))
GEVE;dbo;TbOrdTorte;47;OrdtSeiQta;smallint;2;5;0;0;0;((0))
GEVE;dbo;TbOrdTorte;48;OrdtSeiColore;int;4;10;0;0;0;((0))
GEVE;dbo;TbOrdTorte;49;OrdtSetteQta;smallint;2;5;0;0;0;((0))
GEVE;dbo;TbOrdTorte;50;OrdtSetteColore;int;4;10;0;0;0;((0))
GEVE;dbo;TbOrdTorte;51;OrdtOttoQta;smallint;2;5;0;0;0;((0))
GEVE;dbo;TbOrdTorte;52;OrdtOttoColore;int;4;10;0;0;0;((0))
GEVE;dbo;TbOrdTorte;53;OrdtNoveQta;smallint;2;5;0;0;0;((0))
GEVE;dbo;TbOrdTorte;54;OrdtNoveColore;int;4;10;0;0;0;((0))
GEVE;dbo;TbOrdTorte;55;OrdtZeroQta;smallint;2;5;0;0;0;((0))
GEVE;dbo;TbOrdTorte;56;OrdtZeroColore;int;4;10;0;0;0;((0))
GEVE;dbo;TbOrdTorte;57;OrdtCandelinaQta;smallint;2;5;0;0;0;((0))
GEVE;dbo;TbOrdTorte;58;OrdtCandelinaColore;int;4;10;0;0;0;('')
GEVE;dbo;TbOrdTorte;59;OrdtNumeroTipo;varchar;3;0;0;0;0;((0))
GEVE;dbo;TbOrdTorte;60;OrdtNumeroColore;int;4;10;0;0;0;((0))
GEVE;dbo;TbOrdTorte;61;OrdtAcconto;decimal;5;9;2;0;0;((0))
GEVE;dbo;TbOrdTorte;62;OrdtStampato;bit;1;1;0;0;0;((0))
GEVE;dbo;TbOrdTorte;63;OrdtStampaNum;int;4;10;0;0;0;((0))
GEVE;dbo;TbOrdTorte;64;OrdtMailInviata;bit;1;1;0;0;0;((0))
GEVE;dbo;TbOrdTorte;65;OrdtTipoAccessori;int;4;10;0;0;0;((0))
GEVE;dbo;TbOrdTorte;66;OrdtDescAccessori;varchar;30;0;0;0;0;('')
GEVE;dbo;TbOrdTorte;67;OrdTStato;tinyint;1;3;0;0;0;((0))
GEVE;dbo;TbOrdTorte;68;OrdtTipoTorta;varchar;1;0;0;0;0;('')
GEVE;dbo;TbPOS_Pagam;1;PPagCod;smallint;2;5;0;0;0;NULL
GEVE;dbo;TbPOS_Pagam;2;PPagDesc;varchar;20;0;0;0;0;NULL
GEVE;dbo;TbPOS_Pagam;3;PPagPagCod;smallint;2;5;0;0;0;((0))
GEVE;dbo;TbPOS_Pagam;4;PPagCPT;varchar;5;0;0;0;0;('')
GEVE;dbo;TbPrivati;1;PrivId;int;4;10;0;0;1;NULL
GEVE;dbo;TbPrivati;2;PrivCognomeNome;varchar;100;0;0;0;0;NULL
GEVE;dbo;TbPrivati;3;PrivTelefono;varchar;20;0;0;0;0;('')
GEVE;dbo;TbPrivati;4;PrivMail;varchar;50;0;0;0;0;('')
GEVE;dbo;TbPrivati;5;PrivIndirizzo;varchar;50;0;0;0;0;('')
GEVE;dbo;TbPrivati;6;PrivCap;varchar;5;0;0;0;0;('')
GEVE;dbo;TbPrivati;7;PrivCitta;varchar;50;0;0;0;0;('')
GEVE;dbo;TbPrivati;8;PrivProv;varchar;2;0;0;0;0;('')
GEVE;dbo;TbProforma;1;PFatRif;int;4;10;0;0;0;NULL
GEVE;dbo;TbProforma;2;PFatNumero;int;4;10;0;0;0;NULL
GEVE;dbo;TbProforma;3;PFatData;smalldatetime;4;16;0;0;0;NULL
GEVE;dbo;TbProforma;4;PFatAnno;smallint;2;5;0;0;0;NULL
GEVE;dbo;TbPvv;1;PvvCli;varchar;5;0;0;0;0;NULL
GEVE;dbo;TbPvv;2;PvvPuntoVendita;varchar;5;0;0;0;0;NULL
GEVE;dbo;TbRor;1;RorRif;int;4;10;0;0;0;NULL
GEVE;dbo;TbRor;2;RorProgr;int;4;10;0;0;0;NULL
GEVE;dbo;TbRor;3;RorArtId;int;4;10;0;0;0;NULL
GEVE;dbo;TbRor;4;RorCodArt;varchar;20;0;0;0;0;NULL
GEVE;dbo;TbRor;5;RorCodImballo;smallint;2;5;0;0;0;((0))
GEVE;dbo;TbRor;6;RorQuaOrd;decimal;5;7;2;0;0;((0))
GEVE;dbo;TbRor;7;RorPrezzo;decimal;5;7;2;0;0;((0))
GEVE;dbo;TbRor;8;RorSc1;decimal;5;5;2;0;0;((0))
GEVE;dbo;TbRor;9;RorSc2;decimal;5;5;2;0;0;((0))
GEVE;dbo;TbRor;10;RorNetto;decimal;5;7;2;0;0;((0))
GEVE;dbo;TbRor;11;RorImporto;decimal;5;9;2;0;0;((0))
GEVE;dbo;TbRor;12;RorOfferta;bit;1;1;0;0;0;((0))
GEVE;dbo;TbRor;13;RorExpNetto;decimal;5;7;2;0;0;((0))
GEVE;dbo;TbRor;14;RorQuaIOrd;int;4;10;0;0;0;((0))
GEVE;dbo;TbRor;15;RorTipOrd;varchar;1;0;0;0;0;('')
GEVE;dbo;TbRor;16;RorScalaDispOggi;bit;1;1;0;0;0;((0))
GEVE;dbo;TbRor;17;RorTerzoStep;bit;1;1;0;0;0;((0))
GEVE;dbo;TbRor;18;RorTerzoStepScadenza;smalldatetime;4;16;0;1;0;NULL
GEVE;dbo;TbRor;19;RorTerzoStepSc;decimal;5;5;2;0;0;((0))
GEVE;dbo;TbRor;20;RorFuoriLotto;bit;1;1;0;0;0;((0))
GEVE;dbo;TbRor;21;RorFoglio;int;4;10;0;0;0;((0))
GEVE;dbo;TbRor;22;RorMessaInVendita;smalldatetime;4;16;0;1;0;NULL
GEVE;dbo;TbRor;23;RorScadenza;smalldatetime;4;16;0;1;0;NULL
GEVE;dbo;TbRor;24;RorNoPrenotazione;bit;1;1;0;0;0;((0))
GEVE;dbo;TbSCor;1;SCorTipoDoc;varchar;1;0;0;0;0;NULL
GEVE;dbo;TbSCor;2;SCorRif;int;4;10;0;0;0;NULL
GEVE;dbo;TbSCor;3;SCorProg;int;4;10;0;0;0;NULL
GEVE;dbo;TbSCor;4;SSosTipoDoc;varchar;1;0;0;0;0;NULL
GEVE;dbo;TbSCor;5;SSosRif;int;4;10;0;0;0;NULL
GEVE;dbo;TbSCor;6;SSosProg;int;4;10;0;0;0;NULL
GEVE;dbo;TbSlAtt;1;SlAtt;smallint;2;5;0;0;0;NULL
GEVE;dbo;TbSlAtt;2;SlArtCod;varchar;20;0;0;0;0;NULL
GEVE;dbo;TbSlAtt;3;SlAttPrezzo;decimal;5;9;3;0;0;((0))
GEVE;dbo;TbSlAtt;4;SlUlt_modifica;smalldatetime;4;16;0;1;0;NULL
GEVE;dbo;TbSlAtt;5;SlUtente;varchar;20;0;0;1;0;NULL
GEVE;dbo;TbSlAtt;6;SlStampa;bit;1;1;0;0;0;((1))
GEVE;dbo;TbSlCli;1;SlCli;varchar;5;0;0;0;0;NULL
GEVE;dbo;TbSlCli;2;SlArtCod;varchar;20;0;0;0;0;NULL
GEVE;dbo;TbSlCli;3;SlCliPrezzo;decimal;5;9;3;0;0;((0))
GEVE;dbo;TbSlCli;4;SlNo;bit;1;1;0;0;0;NULL
GEVE;dbo;TbSlCli;5;SlUlt_modifica;smalldatetime;4;16;0;1;0;NULL
GEVE;dbo;TbSlCli;6;SlUtente;varchar;20;0;0;1;0;NULL
GEVE;dbo;TbSlCli;7;SlStampa;bit;1;1;0;0;0;((1))
GEVE;dbo;TbSos;1;SosRif;int;4;10;0;0;1;NULL
GEVE;dbo;TbSos;2;SosTipoDoc;varchar;1;0;0;0;0;NULL
GEVE;dbo;TbSos;3;SosData;smalldatetime;4;16;0;0;0;NULL
GEVE;dbo;TbSos;4;SosNum;int;4;10;0;0;0;NULL
GEVE;dbo;TbSos;5;SosAge;smallint;2;5;0;0;0;NULL
GEVE;dbo;TbSos;6;SosCliCons;varchar;5;0;0;0;0;NULL
GEVE;dbo;TbSos;7;SosPagCod;smallint;2;5;0;0;0;NULL
GEVE;dbo;TbSos;8;SosNrag;int;4;10;0;0;0;NULL
GEVE;dbo;TbSos;9;SosAbi;int;4;10;0;0;0;NULL
GEVE;dbo;TbSos;10;SosCab;int;4;10;0;0;0;NULL
GEVE;dbo;TbSos;11;SosEsespe;smallint;2;5;0;0;0;NULL
GEVE;dbo;TbSos;12;SosNimp;smallint;2;5;0;0;0;NULL
GEVE;dbo;TbSos;13;SosCau;smallint;2;5;0;0;0;NULL
GEVE;dbo;TbSos;14;SosSculter;decimal;5;5;3;0;0;NULL
GEVE;dbo;TbSos;15;SosCliFat;varchar;5;0;0;0;0;NULL
GEVE;dbo;TbSos;16;SosTrasf;bit;1;1;0;0;0;((0))
GEVE;dbo;TbSos;17;SosWebRif;int;4;10;0;0;0;((0))
GEVE;dbo;TbSos;18;SosCreato;smalldatetime;4;16;0;0;0;(getdate())
GEVE;dbo;TbSos;19;SosOperatore;varchar;20;0;0;0;0;('')
GEVE;dbo;TbSos;20;SosNDep;smallint;2;5;0;0;0;((0))
GEVE;dbo;TbSos;21;SosVardest;varchar;100;0;0;0;0;('')
GEVE;dbo;TbSos;22;SosFP;bit;1;1;0;0;0;((0))
GEVE;dbo;TbSos;23;SosNote;varchar;200;0;0;0;0;('')
GEVE;dbo;TbSos;24;SosPvv;varchar;5;0;0;0;0;('')
GEVE;dbo;TbSos;25;SosConsegna;smalldatetime;4;16;0;1;0;NULL
GEVE;dbo;TbSos;26;SosPrivato;int;4;10;0;0;0;((0))
GEVE;dbo;TbSos;27;SosOraRitiro;datetime;8;23;3;1;0;NULL
GEVE;dbo;TbSos;28;SosStampato;bit;1;1;0;0;0;((0))
GEVE;dbo;TbSos;29;SosStampaNum;int;4;10;0;0;0;((0))
GEVE;dbo;TbSos;30;SosAccesso;varchar;1;0;0;0;0;('')
GEVE;dbo;TbSos;31;SosTipoConsegna;varchar;1;0;0;0;0;('')
GEVE;dbo;TbSos;32;SosMailConferma;bit;1;1;0;0;0;((0))
GEVE;dbo;TbSos;33;SosMailPronto;bit;1;1;0;0;0;((0))
GEVE;dbo;TbSosP;1;PTipoDoc;varchar;1;0;0;0;0;NULL
GEVE;dbo;TbSosP;2;PRif;int;4;10;0;0;0;NULL
GEVE;dbo;TbSosP;3;PProg;int;4;10;0;0;0;NULL
GEVE;dbo;TbSosP;4;PCProg;int;4;10;0;0;0;((0))
GEVE;dbo;TbSosP;5;PQta;decimal;5;8;3;0;0;((0))
GEVE;dbo;TbSosP;6;PLotto;varchar;20;0;0;0;0;('')
GEVE;dbo;TbSosP;7;PDataScad;smalldatetime;4;16;0;1;0;NULL
GEVE;dbo;TbSosPronti;1;SosPrTipodoc;varchar;1;0;0;0;0;NULL
GEVE;dbo;TbSosPronti;2;SosPrRif;int;4;10;0;0;0;NULL
GEVE;dbo;TbSosPronti;3;DocPrTipoDoc;varchar;1;0;0;0;0;('')
GEVE;dbo;TbSosPronti;4;DocPrRif;int;4;10;0;0;0;((0))
GEVE;dbo;TbSosPronti;5;SosPrDataOra;datetime;8;23;3;0;0;(getdate())
GEVE;dbo;TbSosPronti;6;SosPOperatore;varchar;50;0;0;0;0;('')
GEVE;dbo;TbStatoOrd;1;StCod;tinyint;1;3;0;0;0;((0))
GEVE;dbo;TbStatoOrd;2;StDesc;varchar;25;0;0;0;0;('')
GEVE;dbo;TbTai;1;TaiAnno;smallint;2;5;0;0;0;NULL
GEVE;dbo;TbTai;2;TaiDitta;varchar;50;0;0;1;0;NULL
GEVE;dbo;TbTai;3;TaiDoc1;int;4;10;0;0;0;NULL
GEVE;dbo;TbTai;4;TaiDoc2;int;4;10;0;0;0;NULL
GEVE;dbo;TbTai;5;TaiDoc3;int;4;10;0;0;0;NULL
GEVE;dbo;TbTai;6;TaiDoc4;int;4;10;0;0;0;NULL
GEVE;dbo;TbTai;7;TaiDoc5;int;4;10;0;0;0;NULL
GEVE;dbo;TbTai;8;TaiDoc6;int;4;10;0;0;0;NULL
GEVE;dbo;TbTai;9;TaiDoc7;int;4;10;0;0;0;NULL
GEVE;dbo;TbTai;10;TaiDoc8;int;4;10;0;0;0;NULL
GEVE;dbo;TbTai;11;TaiDoc9;int;4;10;0;0;0;NULL
GEVE;dbo;TbTai;12;TaiDoc10;int;4;10;0;0;0;NULL
GEVE;dbo;TbTai;13;TaiDoc11;int;4;10;0;0;0;NULL
GEVE;dbo;TbTai;14;TaiDoc12;int;4;10;0;0;0;NULL
GEVE;dbo;TbTai;15;TaiDoc13;int;4;10;0;0;0;NULL
GEVE;dbo;TbTai;16;TaiDoc14;int;4;10;0;0;0;NULL
GEVE;dbo;TbTai;17;TaiDoc15;int;4;10;0;0;0;NULL
GEVE;dbo;TbTai;18;TaiDoc16;int;4;10;0;0;0;NULL
GEVE;dbo;TbTai;19;TaiDoc17;int;4;10;0;0;0;NULL
GEVE;dbo;TbTai;20;TaiDoc18;int;4;10;0;0;0;NULL
GEVE;dbo;TbTai;21;TaiDoc19;int;4;10;0;0;0;NULL
GEVE;dbo;TbTai;22;TaiDoc20;int;4;10;0;0;0;NULL
GEVE;dbo;TbTai;23;TaiCiv1;smallint;2;5;0;0;0;NULL
GEVE;dbo;TbTai;24;TaiCiv2;smallint;2;5;0;0;0;NULL
GEVE;dbo;TbTai;25;TaiCiv3;smallint;2;5;0;0;0;NULL
GEVE;dbo;TbTai;26;TaiCiv4;smallint;2;5;0;0;0;NULL
GEVE;dbo;TbTai;27;TaiCiv5;smallint;2;5;0;0;0;NULL
GEVE;dbo;TbTai;28;TaiCiv6;smallint;2;5;0;0;0;NULL
GEVE;dbo;TbTai;29;TaiCpt1;varchar;5;0;0;0;0;NULL
GEVE;dbo;TbTai;30;TaiCpt2;varchar;5;0;0;0;0;NULL
GEVE;dbo;TbTai;31;TaiCpt3;varchar;5;0;0;0;0;NULL
GEVE;dbo;TbTai;32;TaiCpt4;varchar;5;0;0;0;0;NULL
GEVE;dbo;TbTai;33;TaiCpt5;varchar;5;0;0;0;0;NULL
GEVE;dbo;TbTai;34;TaiCpt6;varchar;5;0;0;0;0;NULL
GEVE;dbo;TbTai;35;TaiReg1;smallint;2;5;0;0;0;NULL
GEVE;dbo;TbTai;36;TaiReg2;smallint;2;5;0;0;0;NULL
GEVE;dbo;TbTai;37;TaiReg3;smallint;2;5;0;0;0;NULL
GEVE;dbo;TbTai;38;TaiReg4;smallint;2;5;0;0;0;NULL
GEVE;dbo;TbTai;39;TaiReg5;smallint;2;5;0;0;0;NULL
GEVE;dbo;TbTai;40;TaiReg6;smallint;2;5;0;0;0;NULL
GEVE;dbo;TbTai;41;TaiReg7;smallint;2;5;0;0;0;NULL
GEVE;dbo;TbTai;42;TaiReg8;smallint;2;5;0;0;0;NULL
GEVE;dbo;TbTai;43;TaiReg9;smallint;2;5;0;0;0;NULL
GEVE;dbo;TbTai;44;TaiReg10;smallint;2;5;0;0;0;NULL
GEVE;dbo;TbTai;45;TaiReg11;smallint;2;5;0;0;0;NULL
GEVE;dbo;TbTai;46;TaiReg12;smallint;2;5;0;0;0;NULL
GEVE;dbo;TbTai;47;TaiReg13;smallint;2;5;0;0;0;NULL
GEVE;dbo;TbTai;48;TaiReg14;smallint;2;5;0;0;0;NULL
GEVE;dbo;TbTai;49;TaiReg15;smallint;2;5;0;0;0;NULL
GEVE;dbo;TbTai;50;TaiReg16;smallint;2;5;0;0;0;NULL
GEVE;dbo;TbTai;51;TaiReg17;smallint;2;5;0;0;0;NULL
GEVE;dbo;TbTai;52;TaiReg18;smallint;2;5;0;0;0;NULL
GEVE;dbo;TbTai;53;TaiReg19;smallint;2;5;0;0;0;NULL
GEVE;dbo;TbTai;54;TaiReg20;smallint;2;5;0;0;0;NULL
GEVE;dbo;TbTai;55;TaiPi1;smallint;2;5;0;0;0;NULL
GEVE;dbo;TbTai;56;TaiPi2;smallint;2;5;0;0;0;NULL
GEVE;dbo;TbTai;57;TaiPi3;smallint;2;5;0;0;0;NULL
GEVE;dbo;TbTai;58;TaiPi4;smallint;2;5;0;0;0;NULL
GEVE;dbo;TbTai;59;TaiPi5;smallint;2;5;0;0;0;NULL
GEVE;dbo;TbTai;60;TaiPi6;smallint;2;5;0;0;0;NULL
GEVE;dbo;TbTai;61;TaiPi7;smallint;2;5;0;0;0;NULL
GEVE;dbo;TbTai;62;TaiPi8;smallint;2;5;0;0;0;NULL
GEVE;dbo;TbTai;63;TaiPi9;smallint;2;5;0;0;0;NULL
GEVE;dbo;TbTai;64;TaiPi10;smallint;2;5;0;0;0;NULL
GEVE;dbo;TbTai;65;TaiPi11;smallint;2;5;0;0;0;NULL
GEVE;dbo;TbTai;66;TaiPi12;smallint;2;5;0;0;0;NULL
GEVE;dbo;TbTai;67;TaiAnnoLav;smallint;2;5;0;1;0;NULL
GEVE;dbo;TbTai;68;TaiIvaForn;smallint;2;5;0;0;0;NULL
GEVE;dbo;TbTai;69;TaiCauInc;smallint;2;5;0;0;0;NULL
GEVE;dbo;TbTai;70;TaiDes1;varchar;30;0;0;0;0;NULL
GEVE;dbo;TbTai;71;TaiDes2;varchar;30;0;0;0;0;NULL
GEVE;dbo;TbTai;72;TaiDes3;varchar;30;0;0;0;0;NULL
GEVE;dbo;TbTai;73;TaiDes4;varchar;30;0;0;0;0;NULL
GEVE;dbo;TbTai;74;TaiDes5;varchar;30;0;0;0;0;NULL
GEVE;dbo;TbTai;75;TaiDes6;varchar;30;0;0;0;0;NULL
GEVE;dbo;TbTai;76;TaiDes7;varchar;30;0;0;0;0;NULL
GEVE;dbo;TbTai;77;TaiDes8;varchar;30;0;0;0;0;NULL
GEVE;dbo;TbTai;78;TaiDes9;varchar;30;0;0;0;0;NULL
GEVE;dbo;TbTai;79;TaiDes10;varchar;30;0;0;0;0;NULL
GEVE;dbo;TbTai;80;TaiDes11;varchar;30;0;0;0;0;NULL
GEVE;dbo;TbTai;81;TaiDes12;varchar;30;0;0;0;0;NULL
GEVE;dbo;TbTai;82;TaiDes13;varchar;30;0;0;0;0;NULL
GEVE;dbo;TbTai;83;TaiDes14;varchar;30;0;0;0;0;NULL
GEVE;dbo;TbTai;84;TaiDes15;varchar;30;0;0;0;0;NULL
GEVE;dbo;TbTai;85;TaiDes16;varchar;30;0;0;0;0;NULL
GEVE;dbo;TbTai;86;TaiDes17;varchar;30;0;0;0;0;NULL
GEVE;dbo;TbTai;87;TaiDes18;varchar;30;0;0;0;0;NULL
GEVE;dbo;TbTai;88;TaiDes19;varchar;30;0;0;0;0;NULL
GEVE;dbo;TbTai;89;TaiDes20;varchar;30;0;0;0;0;NULL
GEVE;dbo;TbTai;90;TaiSpeseRb;decimal;5;4;2;0;0;NULL
GEVE;dbo;TbTai;91;TaipathXeur;varchar;50;0;0;1;0;NULL
GEVE;dbo;TbTai;92;TaiEffRiep;bit;1;1;0;1;0;NULL
GEVE;dbo;TbTai;93;TaiPathEffetti;varchar;50;0;0;1;0;NULL
GEVE;dbo;TbTai;94;TaiCauEff;smallint;2;5;0;0;0;NULL
GEVE;dbo;TbTai;95;TaiPagOmaggi;smallint;2;5;0;0;0;NULL
GEVE;dbo;TbTai;96;TaiPercSpese;decimal;5;6;3;0;0;NULL
GEVE;dbo;TbTai;97;TaiMinRiga;decimal;5;7;2;0;0;NULL
GEVE;dbo;TbTai;98;TaiBoll1;varchar;45;0;0;0;0;NULL
GEVE;dbo;TbTai;99;TaiBoll2;varchar;45;0;0;0;0;NULL
GEVE;dbo;TbTai;100;TaiBoll3;varchar;45;0;0;0;0;NULL
GEVE;dbo;TbTai;101;TaiDataAggLis;smalldatetime;4;16;0;0;0;NULL
GEVE;dbo;TbTai;102;TaiRegAcq;smallint;2;5;0;0;0;NULL
GEVE;dbo;TbTai;103;TaiCliMag;varchar;5;0;0;0;0;NULL
GEVE;dbo;TbTai;104;TaiUltInv;smallint;2;5;0;1;0;NULL
GEVE;dbo;TbTai;105;TaiCheckInv;bit;1;1;0;1;0;NULL
GEVE;dbo;TbTai;106;TaiInvRifer;int;4;10;0;1;0;NULL
GEVE;dbo;TbTai;107;TaiStatoInv;smallint;2;5;0;0;0;NULL
GEVE;dbo;TbTai;108;TaiAggUtente;varchar;50;0;0;0;0;NULL
GEVE;dbo;TbTai;109;TaiAggPassword;varchar;50;0;0;0;0;NULL
GEVE;dbo;TbTai;110;TaiCptAcq;varchar;5;0;0;0;0;NULL
GEVE;dbo;TbTai;111;TaiContanti;smallint;2;5;0;1;0;NULL
GEVE;dbo;TbTai;112;TaiIpPubblico;varchar;16;0;0;1;0;NULL
GEVE;dbo;TbTai;113;TaiMailFrom;varchar;50;0;0;0;0;NULL
GEVE;dbo;TbTai;114;TaiMailCC;varchar;50;0;0;0;0;NULL
GEVE;dbo;TbTai;115;TaiMailSmtp;varchar;50;0;0;0;0;NULL
GEVE;dbo;TbTai;116;TaiMailDest;varchar;50;0;0;0;0;NULL
GEVE;dbo;TbTai;117;TaiSmtpUser;varchar;50;0;0;0;0;NULL
GEVE;dbo;TbTai;118;TaiPecFrom;varchar;50;0;0;0;0;NULL
GEVE;dbo;TbTai;119;TaiPecSmtp;varchar;50;0;0;0;0;NULL
GEVE;dbo;TbTai;120;TaiPecSmtpUser;varchar;50;0;0;0;0;NULL
GEVE;dbo;TbTai;121;TaiPecSmtpPassword;varchar;50;0;0;0;0;NULL
GEVE;dbo;TbTai;122;TaiPecSmtpPORTA;int;4;10;0;0;0;NULL
GEVE;dbo;TbTai;123;TaiSmtpPassword;varchar;50;0;0;0;0;NULL
GEVE;dbo;TbTai;124;TaiSmtpAuth;bit;1;1;0;0;0;NULL
GEVE;dbo;TbTai;125;TaiMailDestOrdini;varchar;50;0;0;0;0;NULL
GEVE;dbo;TbTai;126;TaiArtLibero;varchar;2;0;0;0;0;('FF')
GEVE;dbo;TbTai;127;TaiForMag;varchar;5;0;0;1;0;('')
GEVE;dbo;TbTai;128;TaiSmtpPorta;smallint;2;5;0;0;0;((25))
GEVE;dbo;TbTai;129;TaiSmtpSSL;bit;1;1;0;0;0;((0))
GEVE;dbo;TbTai;130;TaiSpeseAmm;decimal;5;9;2;0;0;((0))
GEVE;dbo;TbTai;131;TaiNoteEstero;varchar;300;0;0;0;0;('')
GEVE;dbo;TbTai;132;TaiUltDataProvv;smalldatetime;4;16;0;1;0;NULL
GEVE;dbo;TbTai;133;TaiTipoFte_Differita;varchar;4;0;0;0;0;('TD01')
GEVE;dbo;TbTai;134;TaiTipoFte_Libera;varchar;4;0;0;0;0;('TD01')
GEVE;dbo;TbTai;135;TaiTipoFte_Ncr;varchar;4;0;0;0;0;('TD04')
GEVE;dbo;TbTai;136;TaiCliFatt;varchar;5;0;0;0;0;('')
GEVE;dbo;TbTai;137;TaiUnder;smallint;2;5;0;0;0;((0))
GEVE;dbo;TbTai;138;TaiHistory;smallint;2;5;0;0;0;((0))
GEVE;dbo;TbTai;139;TaiBlockAnno;smallint;2;5;0;0;0;((0))
GEVE;dbo;TbTai;140;TaiInvioMag;bit;1;1;0;0;0;((0))
GEVE;dbo;TbTai;141;TaiCiv7;smallint;2;5;0;0;0;((0))
GEVE;dbo;TbTai;142;TaiCpt7;varchar;5;0;0;0;0;('')
GEVE;dbo;TbTai;143;TaiBloccoMagazzino;bit;1;1;0;0;0;((0))
GEVE;dbo;TbTai;144;TaiUltDataXprovv;smalldatetime;4;16;0;1;0;NULL
GEVE;dbo;TbTai;145;TaiCCOrdini;varchar;50;0;0;0;0;('')
GEVE;dbo;TbTai;146;TaiBodyOrdini;ntext;16;0;0;0;0;('')
GEVE;dbo;TbTai;147;TaiCivaOrd;smallint;2;5;0;0;0;((0))
GEVE;dbo;TbTai;148;TaiMesiFile;tinyint;1;3;0;0;0;((18))
GEVE;dbo;TbTai;149;TaiMgFM;decimal;5;5;2;0;0;((0))
GEVE;dbo;TbTai;150;TaiForn360;varchar;5;0;0;0;0;('')
GEVE;dbo;TbTai;151;TaiFornBivetro;varchar;5;0;0;0;0;('')
GEVE;dbo;TbTai;152;TaiFornAcrilico;varchar;5;0;0;0;0;('')
GEVE;dbo;TbTai;153;TaiTermInattivita;smallint;2;5;0;0;0;((10))
GEVE;dbo;TbTai;154;TaiMaggFori;decimal;5;7;2;0;0;((0))
GEVE;dbo;TbTai;155;TaiMaggTacche;decimal;5;7;2;0;0;((0))
GEVE;dbo;TbTai;156;TaiEnergiaBivetro;decimal;5;7;2;0;0;((0))
GEVE;dbo;TbTai;157;TaiEnergia360;decimal;5;7;2;0;0;((0))
GEVE;dbo;TbTai;158;TaiUMEnergiaBivetro;varchar;2;0;0;0;0;('MQ')
GEVE;dbo;TbTai;159;TaiUMEnergia360;varchar;2;0;0;0;0;('KG')
GEVE;dbo;TbTai;160;TaiMaxData;smalldatetime;4;16;0;1;0;NULL
GEVE;dbo;TbTai;161;TaiPagQua;smallint;2;5;0;0;0;((0))
GEVE;dbo;TbTai;162;TaiLimCorr;int;4;10;0;0;0;((0))
GEVE;dbo;TbTai;163;TaiPathBilance;varchar;100;0;0;0;0;('')
GEVE;dbo;TbTai;164;TaiCliCorr;varchar;5;0;0;0;0;('')
GEVE;dbo;TbTai;165;TaiRecBollo;bit;1;1;0;0;0;((0))
GEVE;dbo;TbTai;166;TaiLimBollo;decimal;5;7;2;0;0;((77.47))
GEVE;dbo;TbTai;167;TaiImpBollo;decimal;5;7;2;0;0;((0))
GEVE;dbo;TbTai;168;TaiCodBollo;varchar;20;0;0;0;0;('BOLLO')
GEVE;dbo;TbTai;169;TaiSplit10;smallint;2;5;0;0;0;((4))
GEVE;dbo;TbTai;170;TaiSplit20;smallint;2;5;0;0;0;((5))
GEVE;dbo;TbTai;171;TaiPrBilVar;varchar;20;0;0;0;0;('TORTA')
GEVE;dbo;TbTai;172;TaiCliTorte;varchar;5;0;0;0;0;('')
GEVE;dbo;TbTai;173;TaiCodTorte;varchar;10;0;0;0;0;('')
GEVE;dbo;TbTai;174;TaiNote;varchar;200;0;0;0;0;('')
GEVE;dbo;TbTai;175;TaiKeibCassa;bit;1;1;0;0;0;((0))
GEVE;dbo;TbTai;176;TaiSogliaListinoDitte;decimal;9;11;2;0;0;((350))
GEVE;dbo;TbTai;177;TaiListinoDitte;smallint;2;5;0;0;0;((0))
GEVE;dbo;TbTai;178;TaiPorzioneAdulti;int;4;10;0;0;0;((0))
GEVE;dbo;TbTai;179;TaiPorzioneBimbi;int;4;10;0;0;0;((0))
GEVE;dbo;TbTai;180;TaiPesoMinimoTorta;int;4;10;0;0;0;((0))
GEVE;dbo;TbTai;181;TaiPorzioneAdulti2;int;4;10;0;0;0;((0))
GEVE;dbo;TbTai;182;TaiPorzioneBimbi2;int;4;10;0;0;0;((0))
GEVE;dbo;TbTai;183;TaiPesoMinimoTorta2;int;4;10;0;0;0;((0))
GEVE;dbo;TbTCau;1;MgCauId;smallint;2;5;0;0;0;NULL
GEVE;dbo;TbTCau;2;MgCauDesc;varchar;30;0;0;0;0;NULL
GEVE;dbo;TbTCau;3;MgCauGancio;smallint;2;5;0;0;0;NULL
GEVE;dbo;TbTCau;4;MgCauCli;bit;1;1;0;0;0;NULL
GEVE;dbo;TbTCau;5;MgCauFor;bit;1;1;0;0;0;NULL
GEVE;dbo;TbTCau;6;MgCauGestione;bit;1;1;0;0;0;NULL
GEVE;dbo;TbTCau;7;MgCauModulo;bit;1;1;0;0;0;NULL
GEVE;dbo;TbTCau;8;MgCauRPrezzo;bit;1;1;0;1;0;NULL
GEVE;dbo;TbTCau;9;MgCauCErrori;bit;1;1;0;1;0;NULL
GEVE;dbo;TbTCau;10;MgCauOmaggi;smallint;2;5;0;1;0;NULL
GEVE;dbo;TbTCau;11;MgCauOil;smallint;2;5;0;1;0;NULL
GEVE;dbo;TbTDis;1;TDisID;int;4;10;0;0;1;NULL
GEVE;dbo;TbTDis;2;TDisCod;varchar;20;0;0;0;0;('')
GEVE;dbo;TbTDis;3;TDisDesc;varchar;50;0;0;0;0;('')
GEVE;dbo;TbTDis;4;TDisItaliano;varbinary;-1;0;0;1;0;NULL
GEVE;dbo;TbTDis;5;TDisFrancese;varbinary;-1;0;0;1;0;NULL
GEVE;dbo;TbTDis;6;TDisInglese;varbinary;-1;0;0;1;0;NULL
GEVE;dbo;TbTDis;7;TDisTedesco;varbinary;-1;0;0;1;0;NULL
GEVE;dbo;TbTDis;8;TDisSpagnolo;varbinary;-1;0;0;1;0;NULL
GEVE;dbo;TbTDis;9;TDisEtixFoglio;smallint;2;5;0;0;0;((0))
GEVE;dbo;TbTDis;10;TDisFileITA;varchar;1000;0;0;0;0;('')
GEVE;dbo;TbTDis;11;TDisCat;varchar;2;0;0;1;0;NULL
GEVE;dbo;TbTes;1;TesRif;int;4;10;0;0;1;NULL
GEVE;dbo;TbTes;2;TesTipoDoc;varchar;1;0;0;0;0;NULL
GEVE;dbo;TbTes;3;TesNum;int;4;10;0;0;0;(0)
GEVE;dbo;TbTes;4;TesData;smalldatetime;4;16;0;0;0;NULL
GEVE;dbo;TbTes;5;TesCau;smallint;2;5;0;0;0;(0)
GEVE;dbo;TbTes;6;TesCliFor;varchar;5;0;0;0;0;('')
GEVE;dbo;TbTes;7;TesGClFo;varchar;2;0;0;0;0;('')
GEVE;dbo;TbTes;8;TesNdep;smallint;2;5;0;0;0;(0)
GEVE;dbo;TbTes;9;TesPagCod;smallint;2;5;0;0;0;(0)
GEVE;dbo;TbTes;10;TesAbi;int;4;10;0;0;0;(0)
GEVE;dbo;TbTes;11;TesCab;int;4;10;0;0;0;(0)
GEVE;dbo;TbTes;12;TesSculter;decimal;5;4;2;0;0;(0)
GEVE;dbo;TbTes;13;TesPorto;varchar;10;0;0;0;0;('')
GEVE;dbo;TbTes;14;TesVett1;smallint;2;5;0;0;0;(0)
GEVE;dbo;TbTes;15;TesVett2;smallint;2;5;0;0;0;(0)
GEVE;dbo;TbTes;16;TesAcconto;decimal;5;9;2;0;0;(0)
GEVE;dbo;TbTes;17;TesNumReg;smallint;2;5;0;0;0;(0)
GEVE;dbo;TbTes;18;TesNumProt;int;4;10;0;0;0;(0)
GEVE;dbo;TbTes;19;TesNumAnno;smallint;2;5;0;0;0;(0)
GEVE;dbo;TbTes;20;TesBanca;varchar;25;0;0;0;0;('')
GEVE;dbo;TbTes;21;TesAge;smallint;2;5;0;0;0;(0)
GEVE;dbo;TbTes;22;TesTrasf;bit;1;1;0;0;0;(0)
GEVE;dbo;TbTes;23;TesDepDep;smallint;2;5;0;0;0;(0)
GEVE;dbo;TbTes;24;TesDepRif;int;4;10;0;0;0;(0)
GEVE;dbo;TbTes;25;TesGancioRif;int;4;10;0;0;0;(0)
GEVE;dbo;TbTes;26;TesDMV;varchar;12;0;0;0;0;('')
GEVE;dbo;TbTes;27;TesDataRitiro1;smalldatetime;4;16;0;1;0;NULL
GEVE;dbo;TbTes;28;TesDataRitiro2;smalldatetime;4;16;0;1;0;NULL
GEVE;dbo;TbTes;29;TesNColli;int;4;10;0;0;0;(0)
GEVE;dbo;TbTes;30;TesPeso;decimal;5;7;3;0;0;(0)
GEVE;dbo;TbTes;31;TesDataTrasp;smalldatetime;4;16;0;1;0;NULL
GEVE;dbo;TbTes;32;TesAspBeni;varchar;25;0;0;0;0;('')
GEVE;dbo;TbTes;33;TesValBol;bit;1;1;0;0;0;(0)
GEVE;dbo;TbTes;34;TesAnnota;varchar;150;0;0;0;0;('')
GEVE;dbo;TbTes;35;TesBolRif;int;4;10;0;0;0;(0)
GEVE;dbo;TbTes;36;TesFatRif;int;4;10;0;0;0;((0))
GEVE;dbo;TbTes;37;TesDataArrivo;datetime;8;23;3;1;0;NULL
GEVE;dbo;TbTes;38;TesBEvasione;bit;1;1;0;0;0;((0))
GEVE;dbo;TbTip;1;TipCategoria;varchar;2;0;0;0;0;NULL
GEVE;dbo;TbTip;2;TipCod;varchar;2;0;0;0;0;NULL
GEVE;dbo;TbTip;3;TipDesc;varchar;25;0;0;0;0;('')
GEVE;dbo;TbTipDoc;1;TdId;smallint;2;5;0;0;1;NULL
GEVE;dbo;TbTipDoc;2;TdDesc;varchar;30;0;0;0;0;NULL
GEVE;dbo;TbTipDoc;3;TdTDoc;varchar;2;0;0;0;0;NULL
GEVE;dbo;TbTipDoc;4;TdQuadri;bit;1;1;0;0;0;((0))
GEVE;dbo;TbTipDoc;5;TdGestione;varchar;15;0;0;0;0;('')
GEVE;dbo;TbTipDoc;6;TdRegistro;smallint;2;5;0;0;0;((0))
GEVE;dbo;TbTipoCons;1;ConsTipo;varchar;1;0;0;0;0;NULL
GEVE;dbo;TbTipoCons;2;ConsDesc;varchar;35;0;0;0;0;NULL
GEVE;dbo;TbTor;1;TorRif;int;4;10;0;0;1;NULL
GEVE;dbo;TbTor;2;TorNumero;int;4;10;0;0;0;NULL
GEVE;dbo;TbTor;3;TorData;smalldatetime;4;16;0;0;0;NULL
GEVE;dbo;TbTor;4;TorCliente;varchar;5;0;0;0;0;('')
GEVE;dbo;TbTor;5;TorStampato;bit;1;1;0;0;0;(0)
GEVE;dbo;TbTor;6;TorInPreparazione;bit;1;1;0;0;0;(0)
GEVE;dbo;TbTor;7;TorInBolla;bit;1;1;0;0;0;(0)
GEVE;dbo;TbTor;8;TorNote;ntext;16;0;0;0;0;('')
GEVE;dbo;TbTor;9;TorBolRif;int;4;10;0;0;0;(0)
GEVE;dbo;TbTor;10;TorConsegna;smalldatetime;4;16;0;1;0;NULL
GEVE;dbo;TbTor;11;TorTipoDoc;varchar;1;0;0;0;0;('')
GEVE;dbo;TbTor;12;TorWebRif;int;4;10;0;0;0;(0)
GEVE;dbo;TbTor;13;TorEvaso;bit;1;1;0;1;0;NULL
GEVE;dbo;TbTor;14;TorTipOrd;varchar;1;0;0;0;0;('')
GEVE;dbo;TbTor;15;TorNoteSped;ntext;16;0;0;0;0;('')
GEVE;dbo;TbTor;16;TorNoLotti;bit;1;1;0;0;0;((0))
GEVE;dbo;TbTor;17;TorLottoFresco;bit;1;1;0;0;0;((0))
GEVE;dbo;TbTor;18;TorSpTrasp;decimal;5;7;2;0;0;((0))
GEVE;dbo;TbTor;19;TorValore;decimal;9;11;2;0;0;((0))
GEVE;dbo;TbTor;20;TorSpAcc;bit;1;1;0;0;0;((0))
GEVE;dbo;TbTor;21;TorBloccato;bit;1;1;0;0;0;((0))
GEVE;dbo;TbTor;22;TorProforma;bit;1;1;0;0;0;((0))
GEVE;dbo;TbTor;23;TorPrenotato;bit;1;1;0;0;0;((0))
GEVE;dbo;TbTor;24;TorOperatore;varchar;50;0;0;0;0;('')
GEVE;dbo;TbTor;25;TorDataStampa;datetime;8;23;3;1;0;NULL
GEVE;dbo;TbTor;26;TorDataChiusura;datetime;8;23;3;1;0;NULL
GEVE;dbo;TbTor;27;TorASaldo;bit;1;1;0;0;0;((0))
GEVE;dbo;TbUMis;1;UMisSigla;varchar;3;0;0;0;0;NULL
GEVE;dbo;TbUMis;2;UMisDec;bit;1;1;0;0;0;NULL
GEVE;dbo;TbUMis;3;UMisSiglaInt;varchar;3;0;0;0;0;NULL
GEVE;dbo;TbUMis;5;UMLivConv;tinyint;1;3;0;0;0;((1))
GEVE;dbo;TbVettori;1;VetCod;smallint;2;5;0;0;0;NULL
GEVE;dbo;TbVettori;2;VetCodFor;varchar;5;0;0;0;0;('')
GEVE;dbo;TbVettori;3;VetAttivo;bit;1;1;0;0;0;((0))
GEVE;dbo;TbVettori;4;VetNazione;varchar;2;0;0;0;0;('')
GEVE;dbo;TbZone;1;ZoID;smallint;2;5;0;0;1;NULL
GEVE;dbo;TbZone;2;ZoNazID;smallint;2;5;0;0;0;NULL
GEVE;dbo;TbZone;3;ZoDesc;varchar;50;0;0;0;0;NULL
GEVE;dbo;TMP_ETICHETTE;1;TERM;varchar;20;0;0;0;0;NULL
GEVE;dbo;TMP_ETICHETTE;2;TESTO;varbinary;-1;0;0;0;0;NULL
GEVE;dbo;TMP_ETICHETTE;3;EAN13;varchar;13;0;0;0;0;NULL
GEVE;dbo;TMP_ETICHETTE;4;ARTCOD;varchar;20;0;0;0;0;('')
GEVE;dbo;TMP_ETICHETTE;5;LOTTO;varchar;20;0;0;0;0;('')
GEVE;dbo;TMP_ETICHETTE;6;SCADENZA;varchar;10;0;0;0;0;('')
GEVE;dbo;TMP_ETICHETTE;7;DESCRIZIONE;varchar;100;0;0;0;0;('')
GEVE;dbo;TMP_ETICHETTE;8;BARCODE;varchar;50;0;0;0;0;('')
GEVE;dbo;TMP_FTE_PASSIVA;1;TERM;varchar;30;0;0;0;0;NULL
GEVE;dbo;TMP_FTE_PASSIVA;2;NOMEFILE;varchar;50;0;0;0;0;NULL
GEVE;dbo;TMP_FTE_PASSIVA;3;ARCHIVEID;varchar;50;0;0;0;0;NULL
GEVE;dbo;TMP_FTE_PASSIVA;4;SDID;bigint;8;19;0;0;0;NULL
GEVE;dbo;TMP_FTE_PASSIVA;5;CREATEDTIME;datetime;8;23;3;0;0;NULL
GEVE;dbo;TMP_FTE_PASSIVA;6;RECEPTIONTIME;datetime;8;23;3;0;0;NULL
GEVE;dbo;TMP_FTE_SELEZIONA;1;TERM;varchar;30;0;0;0;0;NULL
GEVE;dbo;TMP_FTE_SELEZIONA;2;FTERIF;int;4;10;0;0;0;NULL
GEVE;dbo;TMP_FTE_SELEZIONA;3;FTENOMEFILE;varchar;20;0;0;0;0;NULL
GEVE;dbo;TMP_IMBALLO;1;TERM;varchar;20;0;0;0;0;NULL
GEVE;dbo;TMP_IMBALLO;2;ARTCOD;varchar;20;0;0;0;0;NULL
GEVE;dbo;TMP_IMBALLO;3;DESCRIZIONE;varchar;100;0;0;0;0;NULL
GEVE;dbo;TMP_IMBALLO;4;NUMIMBALLO;smallint;2;5;0;0;0;NULL
GEVE;dbo;TMP_IMBALLO;5;LOTTO;varchar;20;0;0;0;0;('')
GEVE;dbo;TMP_IMBALLO;6;SCADENZA;varchar;10;0;0;0;0;('')
GEVE;dbo;TMP_LISTINI;1;GRUPPO;smallint;2;5;0;1;0;NULL
GEVE;dbo;TMP_LISTINI;2;ArtId;int;4;10;0;0;0;NULL
GEVE;dbo;TMP_LISTINI;3;ArtCod;varchar;20;0;0;0;0;NULL
GEVE;dbo;TMP_LISTINI;4;ArtDesc;varchar;100;0;0;0;0;NULL
GEVE;dbo;TMP_LISTINI;5;ArtUmisura;varchar;2;0;0;0;0;NULL
GEVE;dbo;TMP_LISTINI;6;LISTINO;decimal;9;10;3;0;0;NULL
GEVE;dbo;TMP_LISTINI;7;SlAttPrezzo;decimal;5;9;2;0;0;NULL
GEVE;dbo;TMP_LISTINI;8;VALIDITA;smalldatetime;4;16;0;0;0;NULL
GEVE;dbo;TMP_LISTINI;9;ArtCodiva;smallint;2;5;0;0;0;NULL
GEVE;dbo;TMP_LISTINI;10;PERCIVA;smallint;2;5;0;1;0;NULL
GEVE;dbo;TMP_LISTINI;11;ArtCat;varchar;2;0;0;0;0;NULL
GEVE;dbo;TMP_LISTINI;12;CatDesc;varchar;30;0;0;0;0;NULL
GEVE;dbo;TMP_LISTINI;13;ArtNumImballo;decimal;5;5;0;0;0;NULL
GEVE;dbo;TMP_LISTINI;14;AttDesc;varchar;25;0;0;0;0;NULL
GEVE;dbo;TMP_LISTINI;15;CLIENTE;varchar;5;0;0;1;0;NULL
GEVE;dbo;TMP_LISTINI;16;RAG_SOC;varchar;90;0;0;0;0;NULL
GEVE;dbo;TMP_LISTVENDITA;1;TERM;varchar;40;0;0;0;0;NULL
GEVE;dbo;TMP_LISTVENDITA;2;GRUPPO;smallint;2;5;0;0;0;NULL
GEVE;dbo;TMP_LISTVENDITA;3;CATEGORIA;varchar;2;0;0;0;0;NULL
GEVE;dbo;TMP_LISTVENDITA;4;CLIENTE;varchar;5;0;0;0;0;NULL
GEVE;dbo;TMP_LISTVENDITA;5;ARTID;int;4;10;0;0;0;NULL
GEVE;dbo;TMP_LISTVENDITA;6;CODICE;varchar;20;0;0;0;0;NULL
GEVE;dbo;TMP_LISTVENDITA;7;DESCRIZIONE;varchar;200;0;0;0;0;NULL
GEVE;dbo;TMP_LISTVENDITA;8;PREZZO;decimal;9;11;3;0;0;NULL
GEVE;dbo;TMP_LISTVENDITA;9;PRESENTE;bit;1;1;0;0;0;NULL
GEVE;dbo;TMP_LISTVENDITA;10;NOLISTINO;bit;1;1;0;0;0;NULL
GEVE;dbo;TMP_LISTVENDITA;11;SCONTOFAS;decimal;5;5;2;0;0;NULL
GEVE;dbo;TMP_LISTVENDITA;12;SCONTOCLI;decimal;5;5;2;0;0;NULL
GEVE;dbo;TMP_LISTVENDITA;13;CATDESC;varchar;30;0;0;0;0;NULL
GEVE;dbo;TMP_LISTVENDITA;14;UMV;varchar;3;0;0;0;0;('')
GEVE;dbo;TMP_LISTVENDITA;15;PREZZO_BASE;decimal;9;11;3;0;0;((0))
GEVE;dbo;TMP_LISTVENDITA;16;PREZZO_IVA;decimal;9;11;2;0;0;((0))
GEVE;dbo;TMP_LISTVENDITA;17;PREZZO_BASE_IVA;decimal;9;11;2;0;0;((0))
GEVE;dbo;TMP_LISTVENDITA;18;ALIQ;decimal;5;5;2;0;0;((0))
GEVE;dbo;TMP_LISTVENDITA;19;ultima_modifica;smalldatetime;4;16;0;1;0;NULL
GEVE;dbo;TMP_LISTVENDITA;20;Utente;varchar;20;0;0;1;0;NULL
GEVE;dbo;TMP_LISTVENDITA;21;STAMPALIS;bit;1;1;0;0;0;((0))
GEVE;dbo;TMP_MODIFICA;1;LISTINO;smallint;2;5;0;0;0;NULL
GEVE;dbo;TMP_MODIFICA;2;TERM;varchar;50;0;0;0;0;NULL
GEVE;dbo;TMP_NEWORD_TORTE;1;TERM;varchar;20;0;0;0;0;NULL
GEVE;dbo;TMP_NEWORD_TORTE;2;ORDTRIF;int;4;10;0;0;0;NULL
GEVE;dbo;TMP_NEWORD_TORTE;3;ORDTNUM;int;4;10;0;0;0;NULL
GEVE;dbo;TMP_NEWORD_TORTE;4;ORDTDATA;smalldatetime;4;16;0;0;0;NULL
GEVE;dbo;TMP_NEWORD_TORTE;5;COGNOMENOME;varchar;100;0;0;0;0;NULL
GEVE;dbo;TMP_NEWORD_TORTE;6;TELEFONO;varchar;20;0;0;0;0;NULL
GEVE;dbo;TMP_NEWORD_TORTE;7;ORDTCONSEGNA;smalldatetime;4;16;0;0;0;NULL
GEVE;dbo;TMP_NEWORD_TORTE;8;ORDTDATARITIRO;datetime;8;23;3;0;0;NULL
GEVE;dbo;TMP_NEWORD_TORTE;9;ORDTPESO;decimal;5;6;3;0;0;NULL
GEVE;dbo;TMP_NEWORD_TORTE;10;ORDTQTA;smallint;2;5;0;0;0;NULL
GEVE;dbo;TMP_NEWORD_TORTE;11;ORDTTORTA;varchar;100;0;0;0;0;NULL
GEVE;dbo;TMP_NEWORD_TORTE;12;ORDTNOFRUTTA;varchar;100;0;0;0;0;NULL
GEVE;dbo;TMP_NEWORD_TORTE;13;ORDTALLERGIE;varchar;100;0;0;0;0;NULL
GEVE;dbo;TMP_NEWORD_TORTE;14;ORDTFRASE;varchar;250;0;0;0;0;NULL
GEVE;dbo;TMP_NEWORD_TORTE;15;ORDTNOTE;varchar;100;0;0;0;0;NULL
GEVE;dbo;TMP_NEWORD_TORTE;16;ORDTBASE;varchar;150;0;0;0;0;NULL
GEVE;dbo;TMP_NEWORD_TORTE;17;ORDTBAGNA;varchar;50;0;0;0;0;NULL
GEVE;dbo;TMP_NEWORD_TORTE;18;ORDTOPEVENTI;varchar;150;0;0;0;0;NULL
GEVE;dbo;TMP_NEWORD_TORTE;19;ORDTFARCITURA;varchar;150;0;0;0;0;NULL
GEVE;dbo;TMP_NEWORD_TORTE;20;ORDTBORDODEC;varchar;150;0;0;0;0;NULL
GEVE;dbo;TMP_NEWORD_TORTE;21;ORDTDECSUP;varchar;150;0;0;0;0;NULL
GEVE;dbo;TMP_NEWORD_TORTE;22;ORDTDETTAGLIO_HTML;varchar;-1;0;0;0;0;('')
GEVE;dbo;TMP_NEWORD_TORTE;23;ORDTCANDELINE_HTML;varchar;-1;0;0;0;0;('')
GEVE;dbo;TMP_NEWORD_TORTE;24;ORDTACCONTO;decimal;9;11;2;0;0;((0))
GEVE;dbo;TMP_NEWORD_TORTE;25;IMGFORMA;varbinary;-1;0;0;1;0;NULL
GEVE;dbo;TMP_NEWORD_TORTE;26;IMGDECORAZIONE;varbinary;-1;0;0;1;0;NULL
GEVE;dbo;TMP_NEWORD_TORTE;27;IMGIMMAGINE;varbinary;-1;0;0;1;0;NULL
GEVE;dbo;TMP_ORD_PANETTONI;1;TERM;varchar;20;0;0;0;0;NULL
GEVE;dbo;TMP_ORD_PANETTONI;2;SOSRIF;int;4;10;0;0;0;NULL
GEVE;dbo;TMP_ORD_PANETTONI;3;SOSNUM;int;4;10;0;0;0;NULL
GEVE;dbo;TMP_ORD_PANETTONI;4;SOSDATA;smalldatetime;4;16;0;1;0;NULL
GEVE;dbo;TMP_ORD_PANETTONI;5;SOSCONSEGNA;smalldatetime;4;16;0;1;0;NULL
GEVE;dbo;TMP_ORD_PANETTONI;6;TIPO_CONSEGNA;varchar;35;0;0;0;0;NULL
GEVE;dbo;TMP_ORD_PANETTONI;7;SOSCLICONS;varchar;5;0;0;0;0;NULL
GEVE;dbo;TMP_ORD_PANETTONI;8;ANARAG;varchar;90;0;0;0;0;NULL
GEVE;dbo;TMP_ORD_PANETTONI;9;CORPROG;int;4;10;0;0;0;NULL
GEVE;dbo;TMP_ORD_PANETTONI;10;CORCODART;varchar;20;0;0;0;0;NULL
GEVE;dbo;TMP_ORD_PANETTONI;11;QTA;smallint;2;5;0;0;0;NULL
GEVE;dbo;TMP_ORD_PANETTONI;12;DESCRIZIONE;varchar;200;0;0;0;0;NULL
GEVE;dbo;TMP_ORD_PANETTONI;13;PEZZATURA;varchar;20;0;0;0;0;('')
GEVE;dbo;TMP_ORD_PANETTONI;14;CONFEZIONE;varchar;50;0;0;0;0;('')
GEVE;dbo;TMP_ORD_PANETTONI;15;PRODOTTO;varchar;50;0;0;0;0;('')
GEVE;dbo;TMP_ORD_TORTE;1;TERM;varchar;20;0;0;0;0;NULL
GEVE;dbo;TMP_ORD_TORTE;2;SOSTIPODOC;varchar;1;0;0;0;0;NULL
GEVE;dbo;TMP_ORD_TORTE;3;SOSRIF;int;4;10;0;0;0;NULL
GEVE;dbo;TMP_ORD_TORTE;4;SOSNUM;int;4;10;0;0;0;NULL
GEVE;dbo;TMP_ORD_TORTE;5;SOSDATA;smalldatetime;4;16;0;1;0;NULL
GEVE;dbo;TMP_ORD_TORTE;6;COGNOMENOME;varchar;100;0;0;0;0;NULL
GEVE;dbo;TMP_ORD_TORTE;7;TELEFONO;varchar;20;0;0;0;0;NULL
GEVE;dbo;TMP_ORD_TORTE;8;MAIL;varchar;50;0;0;1;0;NULL
GEVE;dbo;TMP_ORD_TORTE;9;SOSCONSEGNA;smalldatetime;4;16;0;1;0;NULL
GEVE;dbo;TMP_ORD_TORTE;10;SOSORARITIRO;datetime;8;23;3;1;0;NULL
GEVE;dbo;TMP_ORD_TORTE;11;CORANNOTA;varchar;-1;0;0;0;0;('')
GEVE;dbo;TMP_PLU;1;IDPLU;smallint;2;5;0;0;0;NULL
GEVE;dbo;TMP_PLU;2;TMPARTID;int;4;10;0;0;0;((0))
GEVE;dbo;TMP_SELEZIONATI;1;TERM;varchar;30;0;0;0;0;NULL
GEVE;dbo;TMP_SELEZIONATI;2;SORDRIF;int;4;10;0;0;0;NULL
GEVE;dbo;TMPANNO;1;TBLOCK;int;4;10;0;0;0;NULL
GEVE;dbo;TMPANNO;2;TANNO;smallint;2;5;0;0;0;NULL
GEVE;dbo;TMPCAT;1;TERM;varchar;20;0;0;0;0;NULL
GEVE;dbo;TMPCAT;2;CATEGORIA;varchar;2;0;0;0;0;NULL
GEVE;dbo;TmpEtichette;1;TmpArtID;int;4;10;0;1;0;NULL
GEVE;dbo;TmpEtichette;2;TmpArtCod;varchar;20;0;0;1;0;NULL
GEVE;dbo;TmpEtichette;3;TmpArtDesc;varchar;100;0;0;1;0;NULL
GEVE;dbo;TmpEtichette;4;TmpArtUmVen;varchar;2;0;0;1;0;NULL
GEVE;dbo;TmpEtichette;5;TmpCatDesc;varchar;30;0;0;1;0;NULL
GEVE;dbo;TmpEtichette;6;TmpArtCat;varchar;2;0;0;1;0;NULL
GEVE;dbo;TmpEtichette;7;TmpArtNumImballo;int;4;10;0;1;0;NULL
GEVE;dbo;TmpEtichette;8;TmpQta;smallint;2;5;0;1;0;NULL
GEVE;dbo;TmpRim;1;TmpRif;int;4;10;0;0;0;NULL
GEVE;dbo;TmpRim;2;TmpTerm;varchar;20;0;0;0;0;NULL
GEVE;dbo;TmpRim;3;TmpCliente;varchar;5;0;0;1;0;NULL
GEVE;dbo;TmpRim;4;TmpCliCons;varchar;5;0;0;1;0;NULL
GEVE;dbo;TmpRim;5;TmpDataFatt;smalldatetime;4;16;0;1;0;NULL
GEVE;dbo;TmpRim;6;TmpDataBol;smalldatetime;4;16;0;1;0;NULL
GEVE;dbo;TmpRim;7;TmpCodPag;smallint;2;5;0;1;0;NULL
GEVE;dbo;TmpRim;8;TmpBolNrag;int;4;10;0;1;0;NULL
GEVE;dbo;TmpRim;9;TmpTipo;varchar;1;0;0;1;0;NULL
GEVE;dbo;TmpSCor;1;CorTipoDoc;varchar;1;0;0;0;0;NULL
GEVE;dbo;TmpSCor;2;CorRif;int;4;10;0;0;0;NULL
GEVE;dbo;TmpSCor;3;CorProg;int;4;10;0;0;0;NULL
GEVE;dbo;TmpSCor;4;CorArtID;int;4;10;0;0;0;NULL
GEVE;dbo;TmpSCor;5;CorCodArt;varchar;20;0;0;0;0;NULL
GEVE;dbo;TmpSCor;6;CorDesc;varchar;50;0;0;0;0;NULL
GEVE;dbo;TmpSCor;7;CorQuaCon;decimal;5;8;2;0;0;NULL
GEVE;dbo;TmpSCor;8;CorPrezzo;decimal;5;9;2;0;0;NULL
GEVE;dbo;TmpSCor;9;CorSc1;decimal;5;5;3;0;0;NULL
GEVE;dbo;TmpSCor;10;CorSc2;decimal;5;5;3;0;0;NULL
GEVE;dbo;TmpSCor;11;CorSc3;decimal;5;5;3;0;0;NULL
GEVE;dbo;TmpSCor;12;CorSc4;decimal;5;5;3;0;0;NULL
GEVE;dbo;TmpSCor;13;CorSc5;decimal;5;5;3;0;0;NULL
GEVE;dbo;TmpSCor;14;CorNetto;decimal;5;9;2;0;0;NULL
GEVE;dbo;TmpSCor;15;CorImporto;decimal;9;11;2;0;0;NULL
GEVE;dbo;TmpSCor;16;CorUrgenza;bit;1;1;0;0;0;NULL
GEVE;dbo;TmpSCor;17;CorSpot;bit;1;1;0;0;0;NULL
GEVE;dbo;TmpSCor;18;CorPromo;varchar;1;0;0;0;0;NULL
GEVE;dbo;TmpSCor;19;CorAssortito;bit;1;1;0;0;0;NULL
GEVE;dbo;TmpSCor;20;CorVariato;bit;1;1;0;0;0;NULL
GEVE;dbo;TmpSCor;21;CorCampagna;varchar;10;0;0;0;0;NULL
GEVE;dbo;TmpSCor;22;CorCiva;smallint;2;5;0;0;0;NULL
GEVE;dbo;TmpSCor;23;CorCntrp;varchar;5;0;0;0;0;NULL
GEVE;dbo;TmpSCor;24;CorCau;smallint;2;5;0;0;0;NULL
GEVE;dbo;TmpSCor;25;CorMacro;varchar;5;0;0;0;0;NULL
GEVE;dbo;TmpSCor;26;CorOrdRif;int;4;10;0;0;0;NULL
GEVE;dbo;TmpSCor;27;CorOrdine;varchar;8;0;0;0;0;NULL
GEVE;dbo;TmpSCor;28;CorArtFor;varchar;15;0;0;0;0;NULL
GEVE;dbo;TmpSCor;29;CorPlRif;int;4;10;0;0;0;NULL
GEVE;dbo;TmpSCor;30;CorPlCassa;int;4;10;0;0;0;NULL
GEVE;dbo;TmpSCor;31;CorImballo;decimal;5;9;2;0;0;NULL
GEVE;dbo;TmpSCor;32;CorMg1;decimal;5;5;3;0;0;NULL
GEVE;dbo;TmpSCor;33;CorMg2;decimal;5;5;3;0;0;NULL
GEVE;dbo;TmpSCor;34;CorMg3;decimal;5;5;3;0;0;NULL
GEVE;dbo;TmpSCor;35;CorMerc;int;4;10;0;0;0;NULL
GEVE;dbo;TmpSCor;36;CorBrand;int;4;10;0;0;0;NULL
GEVE;dbo;TmpSCor;37;CorOrdProg;int;4;10;0;1;0;((0))
GEVE;dbo;TmpSCor;38;CorUM;varchar;2;0;0;0;0;('')
GEVE;dbo;TmpSCor;39;CorLotto;varchar;20;0;0;1;0;('')
GEVE;dbo;TmpSCor;40;CorDataScad;smalldatetime;4;16;0;1;0;NULL
GEVE;dbo;TmpSCor;41;CorAnnota;varchar;-1;0;0;1;0;NULL
GEVE;dbo;TmpSCor;42;CorOmaggi;varchar;1;0;0;1;0;NULL
